Iteration,IfCounter,ModuloCounter,BooleanMulCounter,BooleanWrapCounter
1,100,100,100,0
2,100,100,100,0
3,100,100,0,100
4,0,0,0,0
5,0,0,100,0
6,100,0,0,100
7,100,100,0,100
8,0,0,0,0
9,0,0,100,0
10,100,100,0,100
11,0,100,0,0
12,0,0,100,0
13,100,0,0,100
14,0,0,0,0
15,0,100,100,0
16,100,0,0,0
17,0,0,0,100
18,0,100,0,0
19,0,100,100,0
20,100,0,0,100
21,0,0,0,0
22,0,100,100,0
23,100,100,0,100
24,0,0,0,100
25,0,0,0,0
26,100,100,100,0
27,0,0,0,100
28,0,0,0,0
29,100,0,100,0
30,0,100,0,100
31,0,0,0,0
32,100,0,0,0
33,0,100,100,0
34,0,0,0,100
35,100,0,0,0
36,0,0,100,0
37,100,100,0,100
38,100,0,0,0
39,0,0,100,0
40,0,0,0,100
41,100,100,0,0
42,100,0,0,0
43,0,0,100,0
44,0,0,0,100
45,0,100,0,0
46,100,0,100,0
47,0,0,0,100
48,0,100,0,0
49,100,0,0,0
50,100,0,100,0
51,0,0,0,100
52,0,100,0,0
53,100,0,100,0
54,0,0,0,100
55,0,100,0,0
56,0,100,0,0
57,100,0,100,100
58,0,0,0,0
59,0,100,0,0
60,100,0,100,0
61,0,0,0,100
62,0,0,0,0
63,100,100,100,0
64,0,0,0,100
65,0,0,0,0
66,100,100,0,0
67,0,100,100,100
68,0,0,0,100
69,0,0,0,0
70,100,100,100,0
71,0,0,0,100
72,0,0,0,0
73,100,0,0,0
74,0,100,100,100
75,0,0,0,0
76,0,0,0,0
77,100,100,100,0
78,0,0,0,100
79,0,0,0,0
80,100,0,100,0
81,100,100,0,100
82,0,0,0,0
83,0,0,0,0
84,100,100,100,100
85,0,0,0,0
86,0,0,0,0
87,100,0,100,0
88,0,100,0,100
89,0,0,0,0
90,0,0,100,0
91,100,0,100,100
92,0,100,0,0
93,0,0,0,0
94,100,0,100,0
95,0,100,0,100
96,0,0,0,0
97,0,0,100,0
98,100,100,0,100
99,0,100,0,0
100,0,0,0,0
101,100,0,100,100
102,0,100,0,0
103,0,0,0,0
104,0,0,100,0
105,100,0,0,100
106,0,100,0,0
107,0,0,100,0
108,100,0,0,100
109,100,100,0,0
110,0,0,0,0
111,0,0,100,100
112,100,0,0,100
113,0,100,0,0
114,0,0,100,0
115,100,0,0,100
116,0,0,0,0
117,0,100,100,0
118,0,0,100,100
119,100,0,0,0
120,0,100,0,0
121,0,100,100,0
122,100,0,0,100
123,0,0,0,0
124,0,100,100,0
125,100,100,0,100
126,0,0,0,0
127,0,0,0,0
128,100,100,100,100
129,0,0,0,0
130,0,0,0,0
131,100,0,100,0
132,0,100,0,100
133,0,100,0,0
134,0,0,100,0
135,100,0,0,0
136,0,100,0,100
137,0,100,0,0
138,100,0,100,0
139,0,0,0,100
140,0,0,0,100
141,0,100,100,0
142,100,0,0,0
143,0,0,0,100
144,0,100,100,0
145,100,0,0,0
146,0,0,0,0
147,0,0,0,100
148,100,100,100,0
149,0,0,0,0
150,0,0,0,100
151,100,100,100,0
152,0,0,0,0
153,0,0,0,100
154,100,100,0,100
155,0,0,100,0
156,0,100,0,0
157,100,0,0,100
158,0,0,100,0
159,0,100,0,0
160,100,100,0,100
161,0,0,100,0
162,0,0,0,0
163,100,100,0,0
164,0,0,0,100
165,11100,0,100,0
166,100,0,0,0
167,0,100,0,100
168,0,0,100,0
169,100,0,0,0
170,0,0,0,0
171,0,100,0,100
172,0,100,100,0
173,100,0,0,0
174,100,100,0,100
175,0,0,100,0
176,0,0,0,0
177,100,100,0,100
178,0,0,100,0
179,0,0,0,0
180,0,100,0,0
181,100,0,0,100
182,0,0,100,0
183,0,0,0,0
184,100,100,0,100
185,0,0,100,0
186,0,0,0,0
187,0,0,0,0
188,100,100,0,100
189,0,100,100,0
190,0,0,0,0
191,100,0,0,100
192,0,100,100,0
193,0,100,0,0
194,100,0,0,100
195,0,0,100,100
196,0,100,100,0
197,0,100,0,0
198,100,0,0,100
199,0,0,100,0
200,0,100,0,0
201,100,100,0,100
202,0,0,100,0
203,0,0,0,0
204,100,0,0,0
205,100,100,0,100
206,0,100,100,0
207,0,0,0,0
208,100,0,0,100
209,0,100,100,0
210,0,100,0,0
211,0,0,0,0
212,100,0,0,100
213,0,0,100,0
214,0,100,0,0
215,100,0,0,100
216,100,0,100,0
217,0,0,0,0
218,0,100,0,100
219,100,100,0,0
220,0,0,100,0
221,0,100,0,0
222,100,0,0,100
223,0,0,100,0
224,0,100,0,0
225,0,100,0,100
226,100,0,100,0
227,0,0,0,0
228,0,0,0,0
229,100,100,0,100
230,0,0,100,0
231,0,0,0,0
232,100,0,0,100
233,0,100,100,0
234,0,100,0,0
235,0,0,0,100
236,100,0,100,100
237,0,0,100,0
238,0,100,0,0
239,0,0,0,100
240,0,0,100,0
241,100,0,0,0
242,0,100,0,100
243,0,100,100,0
244,0,0,0,0
245,0,0,0,0
246,100,0,0,100
247,0,100,100,0
248,0,100,0,0
249,0,0,0,100
250,100,0,100,0
251,0,0,0,0
252,0,100,0,0
253,100,0,0,100
254,100,0,100,0
255,0,0,0,0
256,0,100,0,100
257,100,100,100,0
258,0,0,0,0
259,0,0,0,100
260,100,0,0,100
261,0,100,100,0
262,0,0,0,0
263,0,0,0,100
264,100,0,100,0
265,0,0,0,0
266,0,100,0,100
267,100,0,100,0
268,0,0,0,0
269,0,0,0,0
270,100,100,0,100
271,0,100,100,0
272,0,0,0,0
273,0,0,0,100
274,100,100,100,0
275,0,100,100,0
276,0,0,0,0
277,100,0,0,100
278,0,0,100,0
279,0,100,0,0
280,100,100,0,100
281,0,0,100,0
282,0,0,100,0
283,0,0,0,0
284,100,100,0,100
285,0,0,100,0
286,0,0,0,0
287,100,0,0,100
288,0,100,100,0
289,0,100,0,0
290,100,0,0,100
291,100,0,0,100
292,0,100,100,0
293,0,100,0,0
294,0,0,0,0
295,100,0,100,100
296,0,0,0,0
297,0,100,0,0
298,0,100,100,100
299,100,0,100,0
300,0,0,0,0
301,0,0,0,100
302,100,100,100,0
303,0,100,0,0
304,0,0,0,0
305,100,0,100,100
306,100,0,0,0
307,0,100,0,0
308,0,100,0,100
309,100,0,100,0
310,0,0,0,0
311,0,100,0,100
312,100,100,100,0
313,0,0,0,0
314,0,0,0,0
315,0,0,0,100
316,100,100,100,0
317,0,0,0,0
318,0,0,0,100
319,100,0,100,0
320,0,100,0,0
321,0,0,0,100
322,100,0,100,100
323,0,0,100,0
324,0,0,0,0
325,0,100,0,100
326,100,0,100,0
327,0,0,0,0
328,0,0,0,100
329,100,100,100,0
330,0,100,0,0
331,0,0,0,0
332,100,0,0,100
333,0,100,100,0
334,0,100,0,0
335,0,0,0,100
336,100,0,100,100
337,0,0,0,0
338,0,100,0,0
339,100,100,0,100
340,0,0,100,100
341,0,0,0,0
342,100,0,0,0
343,0,100,100,100
344,0,100,0,0
345,0,0,0,0
346,100,0,100,100
347,0,0,100,0
348,0,100,0,0
349,100,0,0,0
350,0,0,100,100
351,0,0,0,0
352,100,100,0,0
353,0,100,100,100
354,0,0,0,0
355,0,0,0,0
356,100,0,0,100
357,0,100,100,0
358,0,100,0,0
359,100,0,0,0
360,0,0,100,100
361,0,100,0,0
362,0,100,0,0
363,100,0,100,100
364,0,0,0,0
365,0,0,0,0
366,100,100,0,100
367,0,100,100,0
368,0,0,0,0
369,100,0,0,0
370,0,100,100,100
371,0,100,0,0
372,0,0,0,0
373,100,0,0,100
374,0,0,100,0
375,0,100,0,0
376,100,100,0,0
377,0,0,100,100
378,0,0,0,0
379,100,100,0,0
380,0,100,100,100
381,0,0,0,0
382,0,0,0,0
383,100,0,0,100
384,0,100,100,100
385,0,100,0,0
386,100,0,0,100
387,0,0,100,0
388,0,100,0,0
389,0,100,0,0
390,100,0,0,100
391,0,0,100,0
392,0,0,0,0
393,100,100,0,100
394,0,100,100,100
395,0,0,0,0
396,0,0,0,0
397,100,100,100,0
398,0,0,0,100
399,0,0,0,0
400,100,0,0,0
401,0,100,100,100
402,0,0,0,0
403,100,0,0,0
404,0,100,100,0
405,0,0,0,100
406,0,0,0,0
407,100,100,100,0
408,0,100,0,100
409,0,0,0,0
410,100,0,0,0
411,0,100,100,0
412,0,100,0,100
413,0,0,0,0
414,100,0,100,0
415,0,100,0,100
416,0,100,0,0
417,100,100,0,0
418,0,0,100,100
419,0,0,0,0
420,100,100,0,0
421,0,0,100,0
422,0,0,0,100
423,0,100,0,0
424,100,0,0,0
425,0,100,100,100
426,0,0,0,0
427,100,0,0,0
428,0,0,100,0
429,0,100,0,100
430,100,0,0,0
431,100,0,100,0
432,0,100,0,100
433,0,0,0,0
434,100,0,0,0
435,0,0,100,100
436,0,100,0,0
437,100,0,0,0
438,0,0,100,0
439,0,100,0,100
440,0,0,0,0
441,100,100,100,0
442,0,0,0,100
443,0,0,0,0
444,100,100,0,0
445,0,100,100,0
446,0,0,0,100
447,100,0,0,0
448,0,0,100,0
449,0,100,0,100
450,0,0,0,0
451,100,0,100,0
452,0,100,100,100
453,0,100,0,0
454,100,0,0,0
455,0,0,100,0
456,0,0,0,100
457,0,100,0,0
458,100,0,100,0
459,0,0,0,100
460,0,0,0,0
461,100,100,0,0
462,0,100,100,0
463,0,0,0,100
464,100,0,0,0
465,0,100,100,0
466,0,0,0,100
467,0,0,0,0
468,100,0,0,0
469,0,100,100,100
470,0,100,0,0
471,100,0,0,0
472,0,0,100,0
473,0,100,0,100
474,100,0,0,0
475,0,0,100,0
476,0,0,0,100
477,0,100,0,100
478,100,0,0,100
479,0,0,100,0
480,0,0,0,0
481,100,100,0,100
482,0,0,100,0
483,0,0,0,0
484,100,0,0,100
485,100,100,0,0
486,0,0,100,0
487,0,0,0,0
488,100,0,0,100
489,0,100,100,0
490,0,0,0,0
491,100,0,0,100
492,0,0,100,0
493,0,100,0,100
494,100,0,0,100
495,100,0,0,0
496,0,0,100,0
497,0,100,0,100
498,100,0,0,0
499,0,0,100,0
500,0,0,0,0
501,100,100,0,100
502,0,0,100,0
503,0,0,100,0
504,0,100,0,100
505,100,0,0,0
506,0,0,100,0
507,0,0,0,0
508,100,100,0,100
509,0,0,100,0
510,0,0,0,0
511,100,100,0,100
512,0,100,0,0
513,0,0,100,0
514,0,0,0,100
515,100,100,0,0
516,0,0,100,0
517,0,0,0,0
518,100,0,0,100
519,0,100,0,0
520,0,0,100,0
521,100,0,0,100
522,0,0,0,0
523,0,100,100,0
524,0,0,0,100
525,100,0,0,100
526,0,0,100,0
527,0,100,0,0
528,100,0,0,100
529,0,0,0,0
530,0,0,100,0
531,100,100,100,100
532,0,0,100,0
533,0,0,0,0
534,0,0,0,0
535,100,100,100,100
536,0,100,0,0
537,0,0,0,0
538,100,0,100,100
539,0,0,0,0
540,0,100,0,0
541,100,0,0,100
542,0,0,100,0
543,0,0,0,0
544,0,100,0,0
545,100,100,100,100
546,0,0,0,0
547,0,0,0,0
548,100,0,100,100
549,100,100,0,0
550,0,0,0,0
551,0,0,0,0
552,0,0,100,100
553,100,100,0,0
554,0,100,0,0
555,0,0,100,100
556,100,0,0,0
557,0,0,0,0
558,0,100,0,100
559,100,0,100,0
560,100,0,0,0
561,0,0,0,0
562,0,100,100,100
563,100,0,0,0
564,0,0,0,0
565,0,0,100,100
566,100,100,0,0
567,0,0,0,0
568,0,0,0,0
569,100,0,100,100
570,100,100,0,0
571,0,100,0,0
572,0,0,100,100
573,100,0,0,0
574,0,100,0,0
575,0,100,0,100
576,100,0,100,0
577,0,0,0,0
578,0,0,0,0
579,0,0,100,100
580,100,0,0,0
581,0,100,0,0
582,0,0,100,100
583,100,0,0,0
584,0,100,0,0
585,0,100,0,100
586,100,0,100,100
587,0,0,0,0
588,0,100,0,0
589,0,0,100,100
590,100,0,0,0
591,0,0,0,0
592,0,100,0,100
593,100,0,100,0
594,0,0,0,0
595,0,0,0,0
596,100,100,100,100
597,0,0,0,0
598,0,0,0,0
599,0,100,100,100
600,100,100,0,0
601,0,0,0,0
602,0,0,0,0
603,100,100,100,100
604,0,0,0,0
605,0,0,0,0
606,100,0,100,100
607,0,100,0,0
608,0,0,0,0
609,0,0,100,100
610,100,100,100,100
611,0,100,0,0
612,0,0,0,0
613,100,0,100,100
614,0,100,0,0
615,0,100,0,0
616,100,0,100,100
617,0,0,0,0
618,0,100,0,0
619,0,0,0,0
620,100,0,100,100
621,0,0,0,0
622,0,100,0,0
623,100,0,100,100
624,0,0,0,0
625,0,0,0,0
626,100,100,100,0
627,0,100,0,100
628,0,0,0,0
629,0,0,0,0
630,100,100,100,100
631,0,0,0,0
632,0,0,0,0
633,100,100,100,100
634,0,0,0,0
635,0,0,0,0
636,100,0,0,0
637,0,100,100,100
638,0,0,0,0
639,0,0,0,0
640,100,100,100,100
641,0,0,0,0
642,0,0,0,0
643,100,100,100,0
644,0,100,0,100
645,0,0,0,0
646,100,0,0,0
647,0,100,100,100
648,0,0,0,0
649,0,0,0,0
650,100,100,100,100
651,0,0,0,0
652,0,0,0,0
653,100,0,100,0
654,0,100,100,100
655,0,0,0,0
656,100,0,0,0
657,0,100,100,100
658,0,0,0,100
659,0,0,0,0
660,100,0,100,0
661,0,100,0,100
662,0,0,0,0
663,100,0,0,0
664,0,100,100,100
665,0,0,0,0
666,100,0,0,0
667,0,100,100,0
668,0,0,0,100
669,0,0,0,0
670,100,100,100,0
671,0,100,0,100
672,0,0,0,0
673,100,0,100,0
674,0,0,0,100
675,0,100,0,100
676,100,0,100,0
677,100,0,0,0
678,0,100,0,100
679,0,0,100,0
680,100,0,0,0
681,0,100,0,100
682,0,100,0,0
683,100,0,100,0
684,0,0,0,0
685,0,100,0,100
686,100,0,100,0
687,100,0,0,0
688,0,100,0,100
689,0,0,100,0
690,100,0,0,0
691,0,0,0,0
692,0,100,0,100
693,100,0,100,0
694,0,0,0,0
695,0,100,0,100
696,0,0,100,0
697,100,0,0,0
698,0,100,0,100
699,0,0,100,0
700,100,0,0,0
701,0,0,0,0
702,0,100,0,100
703,100,0,100,0
704,0,0,0,0
705,0,0,0,100
706,0,100,100,0
707,100,0,0,0
708,0,0,0,0
709,0,0,100,100
710,100,100,0,0
711,0,0,0,0
712,0,0,0,100
713,100,0,100,0
714,0,100,0,0
715,0,0,0,0
716,0,0,100,100
717,100,0,0,0
718,0,100,0,0
719,0,0,100,100
720,100,0,0,0
721,0,100,0,0
722,0,0,0,100
723,100,0,100,0
724,0,0,0,0
725,0,100,0,0
726,0,0,100,100
727,100,0,0,0
728,0,0,0,0
729,0,100,100,100
730,100,0,0,0
731,0,0,0,0
732,0,0,100,0
733,100,100,100,100
734,100,0,0,0
735,0,0,0,0
736,0,0,100,100
737,100,100,0,0
738,0,0,0,0
739,0,0,100,100
740,100,100,0,100
741,0,100,0,0
742,0,0,100,0
743,0,0,0,100
744,100,100,0,0
745,0,100,0,0
746,0,0,100,100
747,100,0,0,0
748,0,100,0,0
749,0,100,100,0
750,100,0,0,100
751,0,0,0,0
752,0,100,100,0
753,0,100,0,100
754,100,0,0,0
755,0,0,0,0
756,0,100,100,0
757,100,0,0,100
758,0,0,0,0
759,0,0,100,0
760,100,100,0,100
761,0,0,0,0
762,0,0,100,0
763,0,0,0,100
764,100,100,0,0
765,0,0,0,0
766,0,0,100,0
767,100,100,0,100
768,0,0,0,0
769,0,0,100,0
770,100,0,0,100
771,0,100,0,0
772,0,0,100,0
773,0,0,0,0
774,100,100,0,100
775,0,100,0,0
776,0,0,100,0
777,100,0,0,100
778,0,100,0,0
779,0,0,100,0
780,100,0,0,100
781,100,0,0,100
782,0,100,100,0
783,0,0,0,0
784,100,0,0,100
785,0,100,100,0
786,0,100,100,0
787,100,0,100,100
788,0,0,0,0
789,0,100,0,0
790,0,0,0,0
791,100,0,100,100
792,0,0,0,0
793,0,100,0,0
794,100,0,100,100
795,0,0,0,0
796,0,0,0,0
797,100,100,100,0
798,0,0,0,100
799,0,0,0,0
800,0,100,0,0
801,100,0,100,100
802,0,0,0,0
803,0,0,0,0
804,100,100,100,100
805,0,0,0,0
806,100,0,0,0
807,0,100,100,0
808,0,0,0,100
809,100,0,0,0
810,100,0,0,0
811,0,100,100,100
812,0,0,0,0
813,100,0,0,0
814,0,0,100,0
815,0,100,0,100
816,100,0,0,0
817,0,0,100,0
818,0,0,0,100
819,0,100,0,100
820,100,100,0,0
821,0,0,100,0
822,0,0,0,100
823,100,100,0,0
824,0,100,100,0
825,0,0,0,100
826,100,0,0,0
827,0,0,100,0
828,0,100,0,0
829,0,0,0,100
830,100,0,0,0
831,0,100,100,0
832,0,100,0,100
833,100,0,0,0
834,0,0,100,0
835,0,100,0,100
836,100,100,0,0
837,100,0,100,0
838,0,0,0,0
839,0,100,0,100
840,100,100,0,0
841,0,0,100,0
842,0,0,0,100
843,100,100,0,0
844,0,100,100,0
845,0,0,0,0
846,0,0,0,100
847,100,100,100,0
848,0,100,0,0
849,0,0,0,100
850,100,0,100,0
851,0,100,100,0
852,0,0,0,100
853,100,0,0,100
854,0,0,100,0
855,0,100,0,0
856,0,0,0,100
857,100,0,100,0
858,0,0,0,0
859,0,100,0,100
860,100,0,100,0
861,0,0,0,0
862,0,100,0,0
863,100,100,0,100
864,0,0,100,0
865,0,0,0,0
866,0,100,0,100
867,100,0,100,0
868,0,0,0,0
869,0,0,0,100
870,100,100,100,100
871,0,0,0,0
872,0,0,0,0
873,100,0,0,100
874,0,100,100,0
875,0,0,0,0
876,0,0,0,100
877,100,0,100,0
878,0,100,0,0
879,0,0,0,0
880,100,0,100,100
881,0,0,0,100
882,0,100,0,0
883,100,0,0,0
884,0,0,100,0
885,0,100,0,100
886,0,0,0,0
887,100,0,100,0
888,0,0,0,0
889,0,100,0,100
890,100,0,100,0
891,0,0,0,0
892,0,100,0,100
893,100,0,0,0
894,0,0,100,0
895,0,0,0,100
896,0,100,0,100
897,100,0,100,0
898,0,0,0,0
899,0,0,0,100
900,100,100,100,0
901,0,0,0,0
902,0,0,0,100
903,100,100,0,0
904,100,100,100,0
905,0,0,0,0
906,0,0,0,0
907,100,100,100,0
908,0,100,0,0
909,0,0,0,0
910,100,0,100,100
911,0,100,0,0
912,0,100,0,0
913,100,0,0,100
914,100,0,100,0
915,0,100,0,0
916,0,0,0,100
917,100,100,100,0
918,0,0,0,0
919,0,0,0,100
920,100,100,100,100
921,0,0,0,0
922,0,0,0,0
923,0,0,0,100
924,100,0,100,0
925,0,100,0,0
926,0,100,0,0
927,100,0,100,100
928,0,0,0,0
929,0,0,0,0
930,100,100,100,100
931,100,100,0,0
932,0,0,0,0
933,0,0,0,100
934,100,100,100,0
935,0,0,0,0
936,0,0,0,0
937,100,0,100,100
938,0,100,0,0
939,0,0,0,0
940,0,0,100,100
941,100,0,0,0
942,0,100,0,0
943,0,0,0,100
944,100,0,100,0
945,0,100,0,0
946,0,100,0,0
947,100,0,100,100
948,0,0,0,0
949,0,100,0,0
950,100,100,100,100
951,100,0,0,0
952,0,0,0,0
953,0,0,0,0
954,100,100,100,100
955,0,0,0,0
956,0,0,0,0
957,100,100,100,100
958,0,0,0,0
959,0,0,0,0
960,0,0,100,100
961,100,100,0,0
962,0,100,0,0
963,0,0,0,0
964,100,0,100,100
965,0,100,0,0
966,0,100,0,0
967,100,0,100,100
968,0,0,0,0
969,0,100,0,0
970,0,100,100,100
971,100,0,0,0
972,0,0,0,0
973,0,0,0,0
974,100,100,100,100
975,0,0,0,0
976,0,0,0,0
977,100,0,100,100
978,0,100,0,0
979,0,0,0,0
980,0,0,100,100
981,100,0,0,0
982,0,100,0,0
983,0,100,0,0
984,100,0,100,100
985,0,0,0,0
986,0,0,0,0
987,100,100,100,100
988,0,0,0,0
989,0,0,0,0
990,0,0,100,100
991,100,100,0,0
992,0,100,0,0
993,0,0,0,0
994,100,0,100,100
995,0,100,0,0
996,0,100,0,0
997,100,0,100,100
998,0,0,0,0
999,0,100,0,0
1000,0,100,0,100
1001,100,0,100,0
1002,0,0,0,0
1003,0,0,0,0
1004,100,100,100,100
1005,0,100,0,0
1006,0,0,0,0
1007,100,0,100,100
1008,0,0,0,0
1009,0,100,0,0
1010,0,0,0,100
1011,100,0,100,0
1012,0,0,0,0
1013,0,100,0,0
1014,100,100,100,100
1015,0,0,0,0
1016,0,0,0,0
1017,100,100,100,100
1018,0,100,0,0
1019,0,0,0,0
1020,0,0,0,0
1021,100,100,100,100
1022,0,0,0,0
1023,0,0,0,0
1024,100,0,100,100
1025,0,100,0,0
1026,0,0,0,0
1027,100,0,100,100
1028,0,100,0,0
1029,0,0,0,0
1030,0,0,0,0
1031,100,100,100,100
1032,0,100,0,0
1033,0,0,0,0
1034,100,0,100,100
1035,0,100,0,0
1036,0,0,0,0
1037,100,0,100,100
1038,0,0,0,0
1039,0,100,0,0
1040,0,0,0,0
1041,100,0,100,100
1042,0,0,0,0
1043,0,100,0,0
1044,100,0,100,100
1045,0,0,100,0
1046,0,100,0,0
1047,100,100,0,100
1048,0,0,0,0
1049,0,0,100,0
1050,0,100,0,0
1051,100,100,0,100
1052,0,0,100,0
1053,0,0,0,0
1054,100,100,0,100
1055,0,0,100,0
1056,0,0,100,0
1057,100,0,0,100
1058,0,100,0,0
1059,0,0,100,0
1060,0,0,0,0
1061,100,100,0,100
1062,0,0,0,0
1063,0,0,100,0
1064,0,100,0,100
1065,100,100,0,0
1066,0,0,100,0
1067,0,0,0,100
1068,100,100,0,0
1069,0,0,100,0
1070,0,0,100,0
1071,100,100,0,100
1072,0,100,0,0
1073,0,0,100,0
1074,0,0,0,100
1075,100,100,0,0
1076,0,0,100,0
1077,0,0,0,100
1078,100,0,0,0
1079,0,100,0,0
1080,0,0,100,0
1081,100,0,0,100
1082,0,0,0,0
1083,0,100,100,0
1084,0,0,0,100
1085,100,0,0,0
1086,0,100,100,0
1087,0,0,0,100
1088,100,0,0,0
1089,0,0,0,0
1090,0,100,100,0
1091,100,0,0,100
1092,0,0,0,0
1093,0,0,100,0
1094,0,100,0,100
1095,100,0,0,0
1096,0,0,100,0
1097,0,0,0,100
1098,100,100,0,0
1099,0,0,0,0
1100,0,0,100,0
1101,100,0,0,100
1102,0,100,0,0
1103,0,0,100,0
1104,100,0,0,100
1105,100,100,0,0
1106,0,0,0,0
1107,0,0,100,100
1108,100,0,0,0
1109,0,100,0,0
1110,0,100,100,0
1111,100,0,0,100
1112,0,0,0,0
1113,0,100,100,0
1114,100,0,0,100
1115,0,0,0,0
1116,0,0,0,0
1117,0,100,100,100
1118,100,0,0,0
1119,0,0,0,0
1120,0,100,100,0
1121,0,100,0,100
1122,100,0,0,0
1123,0,0,100,0
1124,0,100,0,100
1125,0,0,0,0
1126,100,0,0,0
1127,0,0,100,100
1128,0,100,0,0
1129,100,0,0,0
1130,0,0,100,0
1131,0,100,0,100
1132,100,100,0,0
1133,100,0,100,0
1134,0,0,100,100
1135,0,100,0,0
1136,100,0,0,0
1137,0,0,100,100
1138,0,100,0,0
1139,100,0,0,0
1140,0,0,100,0
1141,0,0,0,100
1142,0,100,0,0
1143,100,0,0,0
1144,0,0,100,100
1145,0,100,0,0
1146,100,100,0,0
1147,0,0,100,100
1148,0,0,0,0
1149,100,100,0,0
1150,0,100,100,100
1151,0,0,0,0
1152,0,0,0,0
1153,100,100,0,0
1154,0,0,100,100
1155,0,0,0,0
1156,100,0,0,0
1157,0,100,100,100
1158,0,0,0,0
1159,100,0,0,0
1160,0,0,100,100
1161,0,100,100,0
1162,0,0,0,0
1163,100,0,0,100
1164,0,100,100,0
1165,0,100,0,0
1166,100,0,0,100
1167,0,0,100,0
1168,0,100,0,0
1169,0,0,0,100
1170,100,0,0,0
1171,0,0,100,0
1172,0,100,0,0
1173,100,0,0,100
1174,0,0,100,0
1175,0,100,0,0
1176,100,100,0,100
1177,0,0,100,0
1178,0,0,0,0
1179,0,0,0,100
1180,100,0,0,0
1181,0,100,100,0
1182,0,100,0,0
1183,100,0,0,100
1184,0,0,100,0
1185,0,100,0,0
1186,100,0,0,100
1187,100,0,100,0
1188,0,100,100,0
1189,0,100,0,100
1190,100,0,0,0
1191,0,0,100,0
1192,0,100,0,0
1193,100,0,0,100
1194,0,0,100,0
1195,0,0,0,0
1196,0,100,0,100
1197,100,0,0,0
1198,0,0,100,0
1199,0,100,0,0
1200,100,0,0,100
1201,0,0,100,0
1202,0,0,0,0
1203,100,100,0,100
1204,0,0,100,0
1205,0,0,0,0
1206,0,0,0,100
1207,100,100,0,0
1208,0,0,100,0
1209,0,0,0,0
1210,100,100,0,100
1211,0,0,100,0
1212,0,0,0,0
1213,0,0,0,100
1214,100,100,0,0
1215,0,0,100,0
1216,0,0,0,100
1217,100,100,0,0
1218,0,100,100,0
1219,0,0,0,0
1220,100,0,0,100
1221,0,0,100,0
1222,0,0,0,0
1223,0,0,0,100
1224,100,100,0,0
1225,0,0,100,0
1226,0,0,0,100
1227,100,100,0,0
1228,0,100,100,0
1229,0,0,0,0
1230,100,0,0,100
1231,0,100,0,0
1232,0,100,100,0
1233,0,0,0,100
1234,100,0,0,0
1235,0,100,100,0
1236,0,0,0,100
1237,100,0,0,100
1238,0,0,100,0
1239,0,100,0,0
1240,100,0,0,100
1241,100,0,0,0
1242,0,100,100,0
1243,0,100,0,100
1244,100,0,0,0
1245,0,0,100,0
1246,0,100,0,0
1247,100,100,0,100
1248,0,0,100,0
1249,0,0,100,0
1250,0,100,0,100
1251,100,100,0,0
1252,0,0,100,0
1253,0,0,0,100
1254,100,100,0,0
1255,0,0,0,0
1256,0,0,100,0
1257,100,100,0,100
1258,0,0,0,0
1259,0,0,100,0
1260,0,0,0,100
1261,100,100,0,0
1262,0,0,0,0
1263,0,0,100,100
1264,100,100,0,0
1265,0,100,0,0
1266,0,0,100,0
1267,0,0,0,100
1268,100,100,0,0
1269,0,0,100,0
1270,0,0,0,100
1271,100,100,0,0
1272,0,0,0,0
1273,0,0,100,100
1274,100,0,0,0
1275,0,100,0,0
1276,0,0,100,0
1277,0,0,0,100
1278,100,100,0,0
1279,0,0,0,0
1280,0,0,100,100
1281,100,0,0,0
1282,0,100,0,0
1283,0,0,100,100
1284,100,0,0,0
1285,0,0,0,0
1286,0,100,100,0
1287,0,0,0,100
1288,100,0,0,0
1289,0,0,0,0
1290,0,100,100,100
1291,100,0,0,0
1292,0,0,0,0
1293,0,100,100,0
1294,100,100,0,100
1295,0,0,0,0
1296,0,0,0,0
1297,0,100,100,100
1298,100,0,0,0
1299,0,0,0,0
1300,0,100,0,100
1301,100,0,100,0
1302,0,0,0,0
1303,0,0,0,0
1304,100,100,100,100
1305,0,0,0,0
1306,0,0,0,0
1307,100,0,0,100
1308,100,100,100,0
1309,0,0,0,0
1310,0,0,0,100
1311,100,100,100,0
1312,0,100,0,0
1313,0,0,0,0
1314,100,0,100,100
1315,0,100,0,0
1316,0,0,0,0
1317,0,0,0,100
1318,0,100,100,0
1319,0,0,0,0
1320,0,0,0,100
1321,0,0,100,0
1322,100,100,0,0
1323,0,0,0,0
1324,0,0,100,100
1325,100,0,0,0
1326,0,100,0,0
1327,0,0,0,100
1328,0,0,100,0
1329,100,0,0,0
1330,0,100,0,100
1331,0,0,100,0
1332,100,0,0,0
1333,0,100,0,0
1334,0,100,100,100
1335,100,0,0,0
1336,0,0,0,0
1337,0,100,0,100
1338,0,0,100,0
1339,100,0,0,0
1340,0,0,0,100
1341,0,100,100,0
1342,100,0,0,0
1343,0,0,0,0
1344,0,100,100,100
1345,100,100,0,0
1346,0,0,0,0
1347,0,0,0,100
1348,0,100,100,0
1349,100,100,0,0
1350,0,0,0,100
1351,100,0,100,0
1352,0,100,0,0
1353,0,0,0,0
1354,100,0,100,100
1355,0,0,0,0
1356,100,100,0,0
1357,0,0,0,100
1358,0,0,100,0
1359,100,100,0,0
1360,0,0,0,100
1361,0,0,100,0
1362,0,0,0,0
1363,100,100,0,0
1364,0,0,100,100
1365,0,0,0,0
1366,100,100,0,0
1367,0,0,0,100
1368,0,0,100,0
1369,100,0,0,0
1370,0,100,0,100
1371,0,0,100,0
1372,0,0,0,0
1373,100,100,0,0
1374,0,0,100,100
1375,0,0,0,0
1376,100,0,0,0
1377,0,100,0,100
1378,0,0,100,0
1379,100,0,0,0
1380,100,100,0,100
1381,0,100,100,0
1382,0,0,0,0
1383,100,0,0,0
1384,0,100,100,100
1385,0,0,0,0
1386,100,0,0,0
1387,0,0,0,100
1388,0,100,100,0
1389,0,0,0,0
1390,100,0,0,100
1391,0,100,100,0
1392,0,0,0,0
1393,100,0,0,0
1394,0,0,100,100
1395,0,100,0,0
1396,100,0,0,0
1397,0,0,0,100
1398,0,100,100,0
1399,0,100,0,0
1400,100,0,0,100
1401,0,0,100,0
1402,0,0,0,0
1403,100,0,0,0
1404,0,100,100,100
1405,0,0,0,0
1406,100,0,0,0
1407,0,100,0,100
1408,0,100,100,0
1409,0,100,0,0
1410,100,100,0,100
1411,0,0,100,0
1412,0,0,0,0
1413,100,100,0,0
1414,0,0,100,100
1415,0,0,0,0
1416,100,100,0,0
1417,0,0,0,100
1418,0,0,100,0
1419,0,100,0,100
1420,100,0,0,0
1421,0,0,100,0
1422,0,100,0,0
1423,100,0,0,100
1424,0,0,100,0
1425,0,0,0,0
1426,100,100,0,0
1427,100,0,100,100
1428,0,0,100,0
1429,0,100,0,0
1430,100,0,0,100
1431,0,0,100,0
1432,0,100,0,0
1433,100,0,0,0
1434,0,0,100,100
1435,0,100,0,0
1436,0,0,0,0
1437,100,100,100,100
1438,0,100,100,0
1439,0,0,0,0
1440,100,0,0,100
1441,0,100,100,0
1442,0,0,0,0
1443,100,0,0,0
1444,0,0,100,100
1445,0,100,0,0
1446,0,0,0,0
1447,100,0,100,100
1448,0,100,0,0
1449,0,0,0,0
1450,100,0,0,100
1451,0,0,100,0
1452,0,100,0,0
1453,100,0,0,100
1454,0,0,100,100
1455,0,0,0,0
1456,0,100,0,0
1457,100,0,0,100
1458,0,0,100,0
1459,0,100,0,0
1460,100,0,0,100
1461,0,0,100,0
1462,0,0,0,0
1463,100,100,0,100
1464,0,0,100,100
1465,0,0,0,0
1466,0,100,0,0
1467,100,0,100,100
1468,0,0,100,0
1469,0,0,0,0
1470,100,100,0,100
1471,0,0,100,0
1472,0,0,0,0
1473,100,100,0,100
1474,100,0,100,0
1475,0,0,0,0
1476,0,100,0,0
1477,100,0,100,100
1478,0,0,0,0
1479,0,0,0,0
1480,100,100,0,100
1481,0,0,100,0
1482,0,0,0,0
1483,0,100,0,100
1484,100,100,100,0
1485,0,0,0,0
1486,0,0,0,0
1487,100,100,100,100
1488,0,0,0,0
1489,0,0,0,0
1490,100,0,0,100
1491,0,100,100,0
1492,0,0,0,0
1493,0,0,0,100
1494,100,0,0,0
1495,0,100,0,0
1496,0,0,100,0
1497,100,0,0,100
1498,0,100,0,0
1499,0,100,100,0
1500,100,0,0,100
1501,0,0,0,0
1502,0,100,100,0
1503,0,0,0,100
1504,100,0,0,0
1505,0,100,0,0
1506,0,0,100,0
1507,100,0,0,100
1508,0,0,0,0
1509,0,100,100,0
1510,100,0,0,100
1511,0,0,0,0
1512,0,0,100,0
1513,0,100,0,100
1514,100,0,0,0
1515,0,0,0,0
1516,0,100,100,0
1517,100,0,0,100
1518,0,0,0,0
1519,0,0,100,0
1520,100,100,0,100
1521,0,0,0,0
1522,0,0,100,0
1523,0,100,0,100
1524,100,0,0,0
1525,0,0,0,0
1526,0,0,100,0
1527,100,100,0,100
1528,0,0,0,0
1529,0,0,100,0
1530,100,0,0,100
1531,0,100,0,0
1532,0,0,100,0
1533,100,0,0,100
1534,0,0,0,0
1535,0,100,0,0
1536,100,0,100,0
1537,0,0,0,100
1538,0,100,0,0
1539,0,0,100,0
1540,100,0,0,100
1541,0,0,0,0
1542,0,100,100,0
1543,100,0,0,100
1544,0,0,0,0
1545,0,100,0,0
1546,100,100,100,0
1547,0,0,0,100
1548,0,0,0,0
1549,100,100,100,0
1550,100,0,0,100
1551,0,0,0,0
1552,0,0,100,0
1553,100,100,0,100
1554,0,0,0,0
1555,0,0,0,0
1556,100,0,0,0
1557,0,100,0,100
1558,0,0,100,0
1559,100,0,0,0
1560,0,100,0,100
1561,0,0,100,0
1562,0,0,0,0
1563,100,100,0,100
1564,0,0,100,100
1565,0,0,0,0
1566,100,0,0,0
1567,0,100,0,100
1568,0,0,100,0
1569,100,0,0,0
1570,0,0,0,100
1571,0,100,100,0
1572,0,0,0,0
1573,0,0,0,100
1574,0,0,100,100
1575,0,100,0,0
1576,100,0,0,0
1577,0,0,0,100
1578,0,100,100,0
1579,100,100,0,0
1580,0,0,0,100
1581,0,0,100,0
1582,0,100,0,0
1583,100,0,0,0
1584,0,0,100,100
1585,0,0,0,0
1586,100,100,0,0
1587,0,0,0,100
1588,0,0,100,0
1589,100,0,0,0
1590,0,100,0,100
1591,0,0,100,0
1592,0,0,0,0
1593,100,100,0,0
1594,0,100,100,100
1595,0,0,0,0
1596,100,0,0,0
1597,0,100,0,100
1598,0,0,100,0
1599,0,0,0,0
1600,100,0,0,100
1601,0,100,100,0
1602,0,0,0,0
1603,100,0,0,0
1604,0,0,100,100
1605,0,100,0,0
1606,0,0,0,0
1607,100,0,100,100
1608,0,0,100,0
1609,0,100,0,0
1610,100,0,0,100
1611,0,0,100,0
1612,0,0,0,0
1613,0,100,0,0
1614,100,0,100,100
1615,0,0,0,0
1616,0,0,0,0
1617,100,100,100,100
1618,0,0,0,0
1619,0,0,0,0
1620,0,0,0,100
1621,100,100,100,100
1622,0,0,0,0
1623,0,0,0,0
1624,100,100,100,100
1625,0,100,0,0
1626,0,0,0,0
1627,100,0,100,100
1628,100,100,0,0
1629,0,0,0,0
1630,0,0,0,0
1631,100,0,100,100
1632,0,100,0,0
1633,0,0,0,0
1634,100,0,100,100
1635,0,0,0,0
1636,0,100,0,0
1637,0,0,100,100
1638,100,0,0,0
1639,0,0,0,0
1640,0,100,0,0
1641,100,0,100,100
1642,0,0,0,0
1643,0,100,0,0
1644,0,0,100,100
1645,100,0,0,0
1646,0,0,0,0
1647,0,100,100,100
1648,100,0,0,0
1649,0,0,0,0
1650,0,0,0,0
1651,0,100,100,100
1652,100,0,0,0
1653,0,0,0,0
1654,0,0,100,100
1655,100,100,0,0
1656,0,0,0,0
1657,0,0,100,100
1658,0,0,0,0
1659,100,100,0,0
1660,0,0,0,0
1661,0,0,100,100
1662,100,0,0,0
1663,0,100,0,0
1664,0,0,100,100
1665,0,0,0,0
1666,100,100,0,0
1667,0,0,100,100
1668,0,0,0,0
1669,100,0,0,0
1670,0,100,0,0
1671,0,0,100,100
1672,100,0,0,0
1673,100,0,0,0
1674,0,100,100,0
1675,0,0,0,0
1676,100,0,0,0
1677,0,100,100,100
1678,0,100,0,0
1679,100,0,0,0
1680,0,0,0,100
1681,0,100,100,0
1682,0,0,0,0
1683,100,0,0,100
1684,0,0,100,100
1685,0,100,0,0
1686,100,0,0,0
1687,0,0,100,100
1688,0,0,0,0
1689,0,100,0,0
1690,100,0,0,100
1691,0,0,100,0
1692,0,0,0,0
1693,100,0,0,0
1694,0,0,100,100
1695,0,100,0,0
1696,0,0,0,0
1697,100,0,100,100
1698,0,0,0,0
1699,0,100,0,0
1700,100,100,0,100
1701,0,0,100,0
1702,0,0,0,0
1703,0,0,0,0
1704,100,100,100,100
1705,0,0,0,0
1706,0,0,0,0
1707,100,0,100,100
1708,0,100,0,0
1709,0,100,0,0
1710,0,0,0,100
1711,100,0,100,100
1712,0,100,0,0
1713,0,100,0,0
1714,100,0,100,100
1715,0,0,0,0
1716,0,0,0,0
1717,100,100,100,100
1718,100,0,0,0
1719,0,0,0,0
1720,0,0,0,0
1721,100,100,100,100
1722,0,100,0,0
1723,0,0,0,0
1724,100,0,100,100
1725,0,100,0,0
1726,0,100,0,0
1727,0,0,0,100
1728,100,0,100,100
1729,0,100,0,0
1730,0,0,0,0
1731,100,0,100,100
1732,0,100,0,0
1733,0,100,0,0
1734,0,0,100,100
1735,100,0,0,0
1736,0,100,0,0
1737,0,0,0,0
1738,100,0,100,100
1739,0,100,0,0
1740,0,100,0,0
1741,0,0,100,100
1742,100,0,0,0
1743,0,100,0,0
1744,0,0,100,0
1745,100,0,0,100
1746,0,100,0,0
1747,0,100,0,0
1748,0,0,100,100
1749,100,0,0,0
1750,0,100,0,0
1751,0,0,100,100
1752,100,0,0,0
1753,0,100,0,0
1754,0,0,100,0
1755,100,0,0,100
1756,100,0,0,0
1757,0,100,0,0
1758,0,0,100,100
1759,100,0,0,0
1760,0,0,0,0
1761,0,100,100,0
1762,100,0,0,100
1763,0,0,0,0
1764,0,100,100,0
1765,0,0,0,100
1766,100,0,0,0
1767,0,0,0,0
1768,0,100,100,100
1769,100,0,0,100
1770,0,0,0,0
1771,0,100,100,0
1772,0,0,0,100
1773,100,0,0,0
1774,0,0,100,0
1775,0,100,0,100
1776,100,0,0,0
1777,0,0,0,0
1778,0,0,0,0
1779,0,100,100,100
1780,100,0,0,0
1781,0,0,0,0
1782,0,100,100,100
1783,100,100,0,0
1784,0,0,0,0
1785,0,0,100,0
1786,100,100,0,100
1787,100,100,0,0
1788,0,0,0,0
1789,0,0,100,100
1790,100,100,0,0
1791,0,100,0,0
1792,0,0,100,100
1793,100,100,0,0
1794,100,0,0,0
1795,0,0,100,0
1796,0,0,100,100
1797,100,100,0,0
1798,0,0,200,0
1799,0,0,0,100
1800,0,0,0,0
1801,100,100,100,0
1802,0,0,0,100
1803,0,0,0,100
1804,100,100,100,0
1805,0,100,0,0
1806,0,0,0,0
1807,100,0,0,0
1808,100,0,100,0
1809,0,100,0,100
1810,0,0,0,0
1811,100,0,100,0
1812,0,100,0,100
1813,0,100,0,0
1814,100,0,100,0
1815,0,0,0,100
1816,0,100,0,100
1817,0,100,100,0
1818,100,0,0,0
1819,0,0,0,100
1820,0,100,0,0
1821,100,100,100,0
1822,0,0,0,100
1823,0,0,0,0
1824,0,0,100,0
1825,100,100,0,0
1826,0,0,0,100
1827,0,0,100,0
1828,100,100,100,0
1829,0,100,0,100
1830,100,0,0,0
1831,0,0,100,0
1832,0,0,0,100
1833,100,100,0,0
1834,100,0,100,0
1835,0,0,0,0
1836,0,0,0,100
1837,100,100,100,0
1838,0,0,0,0
1839,0,0,0,100
1840,100,100,0,0
1841,0,100,100,0
1842,0,0,0,100
1843,0,0,0,0
1844,100,100,100,0
1845,0,100,0,0
1846,0,0,0,100
1847,100,0,100,0
1848,0,100,0,0
1849,0,0,0,100
1850,100,0,0,0
1851,100,100,100,0
1852,0,100,0,100
1853,0,0,0,100
1854,100,0,100,0
1855,0,100,0,0
1856,0,100,0,100
1857,100,0,100,0
1858,0,0,0,0
1859,0,100,0,100
1860,0,0,0,0
1861,100,0,100,0
1862,0,0,0,100
1863,0,100,0,100
1864,100,0,100,0
1865,0,0,0,0
1866,0,0,0,100
1867,100,100,100,0
1868,100,0,0,0
1869,0,0,0,100
1870,0,100,100,0
1871,100,100,0,0
1872,0,0,0,0
1873,0,0,0,100
1874,100,100,100,0
1875,0,100,0,0
1876,0,0,0,100
1877,0,0,100,0
1878,100,100,0,0
1879,0,0,0,100
1880,0,0,100,0
1881,100,0,0,0
1882,0,100,0,0
1883,0,0,0,100
1884,100,0,100,0
1885,0,0,0,0
1886,0,100,0,100
1887,0,0,100,0
1888,100,0,0,0
1889,0,100,0,0
1890,0,100,100,100
1891,100,0,0,0
1892,0,0,0,0
1893,0,100,0,100
1894,0,0,100,0
1895,100,0,0,0
1896,0,0,0,100
1897,0,100,100,0
1898,100,100,0,0
1899,0,0,0,0
1900,0,0,100,0
1901,100,100,0,0
1902,100,0,0,100
1903,0,0,0,0
1904,0,0,100,0
1905,100,100,0,0
1906,0,0,0,100
1907,0,0,100,0
1908,100,100,0,0
1909,0,100,0,100
1910,0,0,100,0
1911,0,0,0,0
1912,100,100,0,100
1913,0,0,100,0
1914,0,0,0,0
1915,100,100,0,0
1916,0,100,0,100
1917,0,0,100,0
1918,0,0,0,0
1919,100,100,0,100
1920,0,100,100,0
1921,0,0,0,0
1922,100,0,0,0
1923,0,100,100,100
1924,0,0,0,0
1925,100,0,0,0
1926,0,0,0,100
1927,0,100,100,0
1928,0,0,0,0
1929,100,0,0,100
1930,0,0,100,0
1931,0,100,0,0
1932,100,0,0,0
1933,0,0,100,100
1934,0,100,0,0
1935,0,0,0,0
1936,100,0,0,100
1937,0,0,0,0
1938,0,100,0,0
1939,100,0,100,100
1940,0,0,0,0
1941,0,0,0,0
1942,100,100,100,0
1943,0,0,100,100
1944,0,0,0,0
1945,0,0,0,0
1946,100,100,100,100
1947,0,0,0,0
1948,0,0,0,0
1949,100,100,100,0
1950,0,0,0,100
1951,0,0,0,0
1952,0,0,100,0
1953,100,100,0,100
1954,0,0,0,0
1955,0,0,0,0
1956,100,100,100,100
1957,0,0,0,100
1958,0,0,0,0
1959,100,0,100,0
1960,100,100,0,100
1961,0,0,0,0
1962,0,0,100,0
1963,100,0,0,100
1964,0,100,0,0
1965,0,0,0,0
1966,100,0,100,0
1967,0,100,0,100
1968,0,0,0,0
1969,0,0,100,0
1970,100,100,0,100
1971,0,0,0,0
1972,0,0,100,0
1973,100,0,0,100
1974,0,100,0,100
1975,0,0,0,0
1976,100,0,100,0
1977,100,100,0,100
1978,0,0,0,0
1979,0,0,100,0
1980,100,0,0,100
1981,0,100,0,0
1982,0,0,100,0
1983,100,0,0,0
1984,0,0,0,100
1985,0,100,0,0
1986,0,0,100,0
1987,100,0,0,100
1988,0,0,0,0
1989,0,100,100,0
1990,100,0,0,100
1991,0,0,0,100
1992,0,0,100,0
1993,0,100,0,0
1994,100,0,0,100
1995,0,0,0,0
1996,0,0,100,0
1997,100,100,0,100
1998,0,100,0,0
1999,0,0,100,0
2000,100,0,0,0
2001,0,100,0,100
2002,0,100,100,0
2003,0,0,0,0
2004,100,0,0,100
2005,0,100,0,0
2006,0,0,100,0
2007,100,0,0,100
2008,0,0,0,100
2009,0,100,100,0
2010,0,0,0,0
2011,100,0,0,100
2012,0,100,100,0
2013,0,100,0,0
2014,100,0,0,100
2015,0,0,0,0
2016,0,100,100,0
2017,100,100,0,0
2018,0,0,0,100
2019,0,0,100,0
2020,0,0,0,0
2021,100,100,0,100
2022,0,100,100,0
2023,0,0,0,0
2024,100,0,0,0
2025,0,100,0,100
2026,0,0,100,0
2027,0,0,0,0
2028,100,0,0,100
2029,0,100,100,0
2030,0,0,0,0
2031,100,0,0,100
2032,0,100,100,0
2033,0,100,0,0
2034,100,0,0,0
2035,0,0,0,100
2036,0,100,100,0
2037,0,100,0,0
2038,100,0,0,100
2039,0,0,100,0
2040,0,100,0,0
2041,100,0,0,0
2042,0,0,100,100
2043,0,0,0,0
2044,0,100,0,0
2045,100,0,0,100
2046,0,0,100,0
2047,0,100,0,0
2048,100,100,0,100
2049,0,0,100,0
2050,0,0,0,0
2051,0,100,0,0
2052,100,0,100,100
2053,0,0,0,0
2054,0,0,0,0
2055,100,100,0,100
2056,0,0,100,0
2057,0,0,0,0
2058,100,0,0,0
2059,100,100,100,100
2060,0,0,0,0
2061,0,0,0,0
2062,100,100,100,100
2063,0,0,0,0
2064,0,0,0,0
2065,100,100,0,100
2066,0,100,100,0
2067,0,3900,0,0
2068,0,0,0,0
2069,100,100,0,100
2070,0,0,100,0
2071,0,0,0,0
2072,100,0,0,100
2073,0,100,0,0
2074,0,7800,100,0
2075,100,100,0,0
2076,0,0,0,100
2077,0,0,100,0
2078,0,100,0,0
2079,100,100,0,100
2080,0,0,0,0
2081,0,0,100,0
2082,100,0,0,100
2083,0,100,0,100
2084,0,0,100,0
2085,100,0,0,0
2086,0,100,0,100
2087,0,100,0,0
2088,100,0,100,0
2089,0,0,0,100
2090,0,100,0,0
2091,0,0,100,0
2092,100,0,0,0
2093,0,0,0,100
2094,0,100,100,0
2095,100,0,100,0
2096,0,0,0,100
2097,0,0,0,0
2098,0,100,100,0
2099,100,0,0,0
2100,0,0,0,100
2101,0,100,100,0
2102,100,0,0,0
2103,0,0,0,100
2104,0,0,0,0
2105,100,100,100,0
2106,0,0,0,100
2107,0,0,0,0
2108,0,0,100,0
2109,100,100,0,0
2110,0,100,0,100
2111,0,0,0,0
2112,100,0,100,0
2113,0,100,0,100
2114,0,0,0,0
2115,0,0,100,0
2116,100,0,0,0
2117,0,100,0,100
2118,0,0,0,0
2119,100,0,100,0
2120,0,0,0,100
2121,0,100,0,0
2122,0,100,100,0
2123,100,0,0,100
2124,0,0,0,0
2125,0,0,100,0
2126,100,100,0,100
2127,0,0,0,0
2128,0,0,0,0
2129,100,0,100,0
2130,0,100,0,100
2131,0,0,0,0
2132,0,0,100,0
2133,100,100,0,100
2134,0,100,0,0
2135,0,0,0,0
2136,100,0,100,100
2137,0,100,0,0
2138,0,100,0,0
2139,0,0,100,0
2140,100,0,0,100
2141,0,100,0,0
2142,0,0,100,0
2143,100,0,100,100
2144,0,0,0,0
2145,0,100,0,0
2146,0,0,100,0
2147,100,0,0,100
2148,0,0,0,0
2149,0,100,100,0
2150,100,0,0,100
2151,0,0,0,0
2152,0,0,0,0
2153,100,100,100,100
2154,100,0,0,100
2155,0,0,0,0
2156,0,0,100,0
2157,100,100,0,100
2158,0,0,0,0
2159,0,0,0,0
2160,100,0,100,100
2161,0,100,0,0
2162,0,0,0,0
2163,0,0,100,0
2164,100,100,0,100
2165,0,0,0,0
2166,0,0,100,0
2167,100,0,100,100
2168,0,100,0,0
2169,0,0,0,0
2170,0,0,100,100
2171,100,0,0,100
2172,0,100,0,0
2173,0,0,100,0
2174,100,0,0,100
2175,0,100,0,0
2176,0,100,0,0
2177,0,0,100,100
2178,100,0,0,0
2179,0,100,0,0
2180,0,0,100,0
2181,100,0,0,100
2182,0,0,0,0
2183,0,100,0,0
2184,100,0,100,100
2185,100,0,0,0
2186,0,0,0,0
2187,0,100,100,0
2188,100,0,0,100
2189,0,0,0,100
2190,0,0,100,0
2191,100,100,100,0
2192,100,0,0,100
2193,0,0,0,0
2194,0,100,100,0
2195,100,100,0,100
2196,0,0,0,0
2197,0,0,100,0
2198,100,100,0,0
2199,0,0,0,100
2200,0,0,0,0
2201,0,0,100,0
2202,100,100,0,100
2203,0,0,0,0
2204,0,0,100,0
2205,100,0,0,0
2206,0,100,0,100
2207,0,0,0,0
2208,0,0,100,0
2209,100,100,0,100
2210,0,100,0,0
2211,0,0,100,0
2212,100,0,0,100
2213,0,100,0,100
2214,0,0,100,0
2215,100,0,100,0
2216,100,0,0,100
2217,0,100,0,0
2218,0,0,100,0
2219,100,0,0,100
2220,0,100,0,0
2221,0,100,100,0
2222,100,0,0,0
2223,100,0,0,100
2224,0,0,0,0
2225,0,100,100,0
2226,100,0,0,100
2227,0,0,0,0
2228,0,0,100,0
2229,100,100,0,0
2230,0,0,0,100
2231,0,0,0,0
2232,0,100,100,0
2233,100,100,0,100
2234,0,0,0,0
2235,0,0,100,0
2236,100,100,0,0
2237,0,0,0,100
2238,0,0,100,0
2239,0,100,0,0
2240,100,100,0,100
2241,0,0,0,0
2242,0,0,100,0
2243,100,100,0,100
2244,0,0,0,100
2245,0,0,100,0
2246,0,100,0,0
2247,100,0,0,0
2248,0,0,0,100
2249,0,0,100,0
2250,100,100,0,0
2251,0,0,0,100
2252,0,100,100,0
2253,0,0,0,0
2254,100,0,0,0
2255,0,0,0,100
2256,0,100,100,0
2257,100,0,0,0
2258,0,0,0,100
2259,0,100,100,0
2260,0,0,0,0
2261,100,0,0,100
2262,0,0,100,0
2263,0,100,0,0
2264,100,0,0,0
2265,0,0,0,100
2266,0,100,100,0
2267,100,0,0,0
2268,100,0,0,100
2269,0,100,100,0
2270,0,100,0,0
2271,100,0,0,0
2272,0,100,0,100
2273,0,0,100,0
2274,100,0,0,0
2275,0,0,0,100
2276,0,100,100,0
2277,0,0,0,0
2278,100,0,0,100
2279,0,100,0,100
2280,0,100,100,0
2281,100,0,0,0
2282,0,0,0,100
2283,0,100,100,0
2284,0,0,0,0
2285,100,0,0,100
2286,0,0,100,0
2287,0,100,0,0
2288,100,0,0,0
2289,0,0,0,100
2290,0,0,100,0
2291,0,100,0,0
2292,100,0,0,100
2293,0,0,100,0
2294,0,100,0,0
2295,100,0,0,0
2296,0,0,0,100
2297,0,0,100,0
2298,0,100,0,0
2299,100,0,0,100
2300,0,0,100,0
2301,0,0,0,0
2302,100,100,0,100
2303,0,0,0,0
2304,0,0,100,0
2305,0,100,0,0
2306,100,0,0,100
2307,0,0,100,0
2308,0,0,0,0
2309,100,100,0,100
2310,0,0,100,0
2311,0,0,100,0
2312,0,100,0,0
2313,100,0,0,100
2314,0,0,100,0
2315,0,100,0,0
2316,100,0,0,100
2317,0,0,100,0
2318,0,0,0,0
2319,100,100,0,100
2320,100,0,0,0
2321,0,0,100,0
2322,0,100,0,0
2323,100,0,100,100
2324,0,0,0,0
2325,0,100,0,0
2326,100,0,0,100
2327,0,0,100,0
2328,0,100,0,0
2329,0,0,0,0
2330,100,0,100,100
2331,0,0,0,0
2332,0,100,0,0
2333,100,100,100,100
2334,0,0,0,0
2335,0,0,0,0
2336,0,100,100,100
2337,100,0,0,100
2338,0,0,0,0
2339,0,0,100,0
2340,0,100,0,100
2341,100,0,0,0
2342,100,0,0,0
2343,0,100,100,100
2344,0,100,0,0
2345,0,0,0,0
2346,100,0,100,0
2347,0,100,0,100
2348,0,100,0,0
2349,0,0,100,0
2350,100,0,0,100
2351,0,100,0,0
2352,0,0,100,0
2353,100,0,0,100
2354,0,0,0,100
2355,0,100,100,0
2356,100,0,0,0
2357,0,0,0,100
2358,0,0,0,0
2359,0,100,100,0
2360,100,0,0,100
2361,0,0,0,0
2362,0,100,100,0
2363,100,0,0,0
2364,0,0,0,100
2365,0,0,100,0
2366,100,100,0,0
2367,100,0,0,100
2368,0,0,100,0
2369,0,100,0,0
2370,100,0,0,100
2371,0,0,100,100
2372,0,0,0,0
2373,100,100,0,0
2374,0,0,0,100
2375,0,0,100,0
2376,0,100,0,0
2377,100,100,0,100
2378,0,0,100,0
2379,0,0,0,0
2380,100,100,0,0
2381,0,100,100,100
2382,0,0,0,0
2383,100,0,0,0
2384,100,100,100,100
2385,0,0,0,0
2386,0,0,0,0
2387,100,0,100,100
2388,0,100,0,0
2389,0,0,0,0
2390,100,0,0,100
2391,0,0,100,0
2392,0,100,0,0
2393,0,0,0,0
2394,100,0,100,100
2395,0,100,0,100
2396,0,100,0,0
2397,100,0,100,100
2398,0,0,0,0
2399,0,100,0,0
2400,100,0,100,100
2401,0,0,0,0
2402,0,0,0,0
2403,0,100,100,100
2404,100,0,0,100
2405,0,0,0,0
2406,0,100,0,0
2407,100,0,100,100
2408,0,0,0,0
2409,0,0,0,0
2410,100,100,100,100
2411,100,100,0,0
2412,0,0,0,0
2413,0,0,100,0
2414,100,0,0,100
2415,0,100,0,0
2416,0,200,100,0
2417,100,100,0,100
2418,0,100,0,0
2419,0,0,100,0
2420,0,0,0,0
2421,100,100,0,100
2422,0,100,0,0
2423,0,0,100,0
2424,100,0,0,100
2425,0,100,0,0
2426,0,0,100,0
2427,100,0,0,100
2428,0,0,0,0
2429,0,100,100,0
2430,0,0,0,0
2431,100,0,0,100
2432,0,100,100,0
2433,0,0,0,0
2434,100,0,0,100
2435,0,0,100,0
2436,0,100,0,0
2437,0,0,0,0
2438,100,0,0,100
2439,0,100,100,0
2440,0,0,0,0
2441,100,0,0,100
2442,0,0,100,0
2443,0,100,0,100
2444,100,0,0,0
2445,0,0,100,0
2446,0,100,0,100
2447,0,0,0,0
2448,100,0,100,0
2449,0,0,0,0
2450,0,100,0,100
2451,100,0,100,0
2452,0,0,0,0
2453,0,100,0,100
2454,100,0,0,0
2455,100,0,100,0
2456,0,0,0,100
2457,0,100,0,100
2458,100,0,100,0
2459,0,0,0,0
2460,0,100,0,100
2461,100,0,100,0
2462,0,0,0,0
2463,0,0,0,100
2464,100,100,100,0
2465,100,0,0,0
2466,0,0,0,100
2467,0,100,100,100
2468,100,100,0,0
2469,0,0,0,0
2470,0,0,0,100
2471,100,100,100,0
2472,0,0,0,0
2473,0,0,0,100
2474,0,100,100,0
2475,100,100,0,0
2476,0,0,0,0
2477,0,0,100,100
2478,100,100,0,0
2479,0,0,0,0
2480,0,0,100,100
2481,100,100,0,0
2482,100,100,0,0
2483,0,0,100,100
2484,0,0,0,0
2485,100,100,0,0
2486,0,0,100,0
2487,0,0,100,100
2488,100,100,0,100
2489,0,100,0,0
2490,0,0,100,0
2491,0,0,0,100
2492,100,100,0,0
2493,0,0,100,0
2494,0,0,0,0
2495,100,100,0,100
2496,0,100,100,0
2497,0,0,0,0
2498,100,0,0,0
2499,0,100,100,100
2500,0,0,0,0
2501,0,100,0,0
2502,100,100,100,100
2503,0,0,0,0
2504,0,100,0,0
2505,100,100,0,100
2506,0,0,100,0
2507,0,0,0,0
2508,0,100,0,0
2509,100,0,100,100
2510,0,0,0,0
2511,0,0,0,0
2512,100,100,100,100
2513,0,0,0,0
2514,0,0,0,0
2515,100,100,100,100
2516,0,100,0,0
2517,0,0,0,0
2518,0,0,100,0
2519,100,100,0,100
2520,0,0,0,0
2521,0,0,100,0
2522,100,0,0,100
2523,0,100,0,0
2524,0,0,100,0
2525,100,0,0,100
2526,100,0,0,0
2527,0,100,0,0
2528,0,0,100,0
2529,100,0,0,100
2530,0,0,0,0
2531,0,100,100,0
2532,100,0,0,100
2533,0,0,0,0
2534,0,100,100,0
2535,0,0,0,100
2536,100,0,0,100
2537,0,0,100,0
2538,0,100,0,0
2539,100,0,0,100
2540,0,0,100,0
2541,0,0,0,0
2542,100,0,0,100
2543,100,100,0,0
2544,0,0,100,0
2545,0,0,0,0
2546,100,100,0,100
2547,0,0,100,0
2548,0,0,0,0
2549,100,0,0,100
2550,0,100,100,0
2551,0,0,0,0
2552,0,0,0,100
2553,100,100,100,0
2554,0,0,0,0
2555,0,0,0,0
2556,100,100,100,100
2557,0,100,0,0
2558,0,0,0,0
2559,100,0,100,100
2560,100,100,0,0
2561,0,0,0,0
2562,0,0,0,100
2563,100,100,100,0
2564,0,100,0,0
2565,0,0,0,0
2566,100,0,100,100
2567,0,100,0,0
2568,0,0,0,0
2569,0,0,100,100
2570,100,0,0,0
2571,0,100,0,0
2572,0,0,100,100
2573,100,0,0,0
2574,0,0,0,0
2575,0,100,100,0
2576,100,0,0,100
2577,0,0,0,0
2578,0,100,100,0
2579,0,0,0,100
2580,100,0,100,0
2581,0,0,0,0
2582,0,100,0,100
2583,100,0,100,0
2584,0,0,100,0
2585,0,100,0,0
2586,0,0,0,100
2587,100,0,100,0
2588,0,0,0,0
2589,0,100,0,100
2590,100,0,100,0
2591,0,0,0,0
2592,0,0,0,100
2593,100,100,0,0
2594,0,100,100,0
2595,0,0,0,0
2596,0,0,0,100
2597,0,100,100,0
2598,0,100,0,0
2599,100,0,0,100
2600,0,0,0,0
2601,0,100,100,0
2602,100,0,0,100
2603,0,0,0,0
2604,0,0,100,0
2605,0,100,0,0
2606,100,0,0,100
2607,0,0,100,0
2608,0,100,0,0
2609,100,0,0,100
2610,0,0,0,0
2611,0,100,100,0
2612,100,100,0,100
2613,0,0,0,0
2614,0,0,100,0
2615,0,100,0,0
2616,100,0,0,100
2617,0,0,0,0
2618,0,100,100,0
2619,100,100,0,100
2620,0,0,0,0
2621,0,0,100,0
2622,0,100,0,100
2623,100,0,0,0
2624,0,0,100,0
2625,0,100,0,0
2626,100,0,0,100
2627,0,0,0,0
2628,0,0,100,0
2629,0,100,0,100
2630,100,0,0,0
2631,0,0,100,0
2632,0,0,0,100
2633,100,100,0,0
2634,0,0,100,0
2635,0,0,100,0
2636,100,100,0,100
2637,100,0,0,0
2638,0,0,100,0
2639,0,0,0,100
2640,100,100,0,0
2641,0,0,100,0
2642,0,0,0,100
2643,100,100,0,0
2644,0,0,0,0
2645,0,0,100,0
2646,0,0,0,100
2647,100,100,0,0
2648,0,0,100,0
2649,0,0,0,100
2650,100,100,0,0
2651,0,0,0,0
2652,0,0,100,100
2653,0,0,0,0
2654,100,100,0,0
2655,0,0,100,0
2656,0,0,0,100
2657,100,100,0,0
2658,0,0,100,0
2659,0,0,0,100
2660,0,100,0,0
2661,100,100,0,0
2662,0,0,100,100
2663,0,0,0,0
2664,100,100,0,0
2665,0,0,100,0
2666,0,0,0,100
2667,0,100,0,0
2668,100,0,0,0
2669,0,0,100,100
2670,0,0,0,0
2671,100,100,0,0
2672,0,0,100,100
2673,0,0,0,0
2674,100,100,0,0
2675,100,0,100,0
2676,0,0,0,100
2677,0,0,0,0
2678,100,100,0,0
2679,0,0,100,100
2680,0,0,0,0
2681,100,100,0,0
2682,0,0,100,100
2683,0,0,0,0
2684,0,100,0,0
2685,100,100,0,0
2686,0,0,100,100
2687,0,0,0,0
2688,100,100,0,0
2689,0,0,100,100
2690,0,0,0,0
2691,0,100,0,0
2692,100,100,100,100
2693,0,0,0,0
2694,0,0,0,0
2695,100,100,0,0
2696,0,0,100,100
2697,0,0,0,0
2698,0,0,0,0
2699,100,100,100,100
2700,0,0,0,0
2701,0,0,0,100
2702,100,100,0,0
2703,0,0,100,0
2704,0,0,0,0
2705,100,100,0,100
2706,100,100,100,0
2707,0,0,0,0
2708,0,0,0,0
2709,100,100,100,100
2710,0,0,0,0
2711,0,0,0,0
2712,100,0,0,100
2713,0,100,100,0
2714,0,0,0,0
2715,0,0,0,100
2716,100,100,100,100
2717,0,0,0,0
2718,0,0,0,0
2719,100,100,100,100
2720,0,0,0,0
2721,0,0,0,0
2722,0,0,0,100
2723,100,100,100,0
2724,0,0,0,0
2725,0,0,0,100
2726,100,0,100,100
2727,0,100,0,0
2728,0,0,0,0
2729,0,0,0,100
2730,100,100,100,0
2731,0,0,0,0
2732,0,0,0,100
2733,100,0,100,0
2734,0,100,0,0
2735,0,0,0,100
2736,100,0,100,100
2737,100,100,0,0
2738,0,0,0,0
2739,0,0,0,100
2740,100,0,100,0
2741,0,100,0,0
2742,0,0,0,100
2743,100,0,100,0
2744,0,100,0,0
2745,0,0,0,100
2746,0,0,100,0
2747,100,0,100,0
2748,0,100,0,100
2749,0,0,0,0
2750,100,0,100,0
2751,0,100,0,0
2752,0,0,0,100
2753,0,0,100,0
2754,100,100,0,0
2755,0,0,0,100
2756,0,0,0,0
2757,100,0,100,0
2758,0,100,0,100
2759,0,0,0,0
2760,0,0,100,0
2761,100,100,0,0
2762,0,0,0,100
2763,0,0,100,0
2764,100,0,0,0
2765,0,100,0,100
2766,0,0,0,0
2767,100,0,100,0
2768,100,0,0,100
2769,0,100,0,0
2770,0,0,100,0
2771,100,0,0,0
2772,0,100,0,100
2773,0,100,100,0
2774,100,0,0,0
2775,0,0,0,100
2776,0,100,0,0
2777,0,100,100,0
2778,100,0,0,100
2779,0,0,0,0
2780,0,100,100,0
2781,100,0,0,0
2782,0,0,0,100
2783,0,0,100,0
2784,0,100,100,0
2785,100,0,0,100
2786,0,0,0,0
2787,0,100,100,0
2788,100,100,0,100
2789,0,0,0,0
2790,0,0,100,0
2791,100,0,0,0
2792,100,100,0,100
2793,0,0,0,0
2794,0,0,100,0
2795,100,100,0,100
2796,0,100,0,0
2797,0,0,100,0
2798,100,0,0,100
2799,0,100,0,0
2800,0,0,100,0
2801,0,0,0,0
2802,100,0,0,100
2803,0,100,0,0
2804,0,0,100,0
2805,100,0,0,100
2806,0,100,0,0
2807,0,100,100,0
2808,0,0,0,100
2809,100,0,0,0
2810,0,100,100,0
2811,0,0,100,100
2812,100,0,0,100
2813,0,0,0,0
2814,0,100,100,0
2815,0,0,0,100
2816,100,0,0,0
2817,0,100,100,0
2818,0,0,0,100
2819,100,0,0,0
2820,0,0,0,0
2821,0,100,100,100
2822,100,0,0,100
2823,0,0,0,0
2824,0,100,100,0
2825,0,0,0,100
2826,100,0,0,0
2827,0,0,100,0
2828,0,0,0,100
2829,100,100,0,0
2830,0,0,0,0
2831,0,0,100,100
2832,0,0,0,0
2833,100,100,0,0
2834,0,0,100,0
2835,0,0,0,100
2836,100,100,100,0
2837,0,0,0,0
2838,0,0,0,100
2839,100,0,0,0
2840,100,100,100,0
2841,0,0,100,100
2842,0,0,0,0
2843,100,0,0,0
2844,0,100,100,0
2845,0,0,0,100
2846,100,0,0,0
2847,0,100,0,0
2848,0,100,100,100
2849,0,0,0,0
2850,100,0,0,0
2851,0,100,100,100
2852,0,100,0,0
2853,100,0,0,0
2854,0,0,100,0
2855,0,100,0,100
2856,0,0,0,0
2857,0,0,0,0
2858,100,0,100,100
2859,0,100,0,0
2860,100,0,0,0
2861,0,0,100,100
2862,0,100,0,0
2863,0,0,0,0
2864,100,0,100,0
2865,0,100,0,100
2866,0,0,0,0
2867,100,0,0,0
2868,0,0,100,100
2869,0,100,0,0
2870,100,0,0,0
2871,100,0,100,100
2872,0,100,0,0
2873,0,0,0,0
2874,100,0,0,0
2875,0,0,100,100
2876,0,100,0,0
2877,100,0,0,0
2878,0,0,100,100
2879,0,100,0,0
2880,0,100,0,0
2881,100,0,100,100
2882,0,0,0,0
2883,0,100,0,0
2884,100,0,0,0
2885,0,0,100,100
2886,0,0,0,0
2887,100,100,0,0
2888,0,0,100,100
2889,0,0,0,0
2890,0,0,0,0
2891,100,100,100,100
2892,0,0,0,0
2893,0,0,0,0
2894,100,100,0,0
2895,0,100,100,100
2896,0,0,0,0
2897,100,0,0,0
2898,0,100,100,100
2899,0,0,0,0
2900,0,0,0,0
2901,100,0,100,100
2902,0,100,100,0
2903,0,0,0,0
2904,100,0,0,0
2905,0,0,100,100
2906,0,100,0,0
2907,100,0,0,0
2908,100,0,100,100
2909,0,0,0,0
2910,0,100,0,0
2911,100,0,0,100
2912,0,0,100,100
2913,0,100,0,0
2914,100,0,0,0
2915,0,0,100,100
2916,0,100,0,0
2917,0,0,0,0
2918,100,0,100,100
2919,0,0,0,0
2920,0,100,0,0
2921,100,0,0,100
2922,0,0,100,100
2923,0,100,0,0
2924,100,0,0,0
2925,0,0,100,100
2926,0,0,0,0
2927,0,100,0,0
2928,100,0,100,100
2929,0,0,0,0
2930,0,100,0,0
2931,100,0,0,0
2932,0,0,100,100
2933,0,0,0,0
2934,100,0,0,0
2935,100,0,100,100
2936,0,0,0,0
2937,0,100,0,0
2938,100,0,0,100
2939,0,0,100,0
2940,0,100,0,0
2941,100,0,0,0
2942,0,0,100,100
2943,0,0,0,0
2944,0,100,0,0
2945,100,0,100,100
2946,0,0,0,0
2947,0,100,0,0
2948,100,0,0,100
2949,0,0,100,0
2950,0,100,0,0
2951,100,0,0,0
2952,0,0,100,100
2953,0,100,0,0
2954,0,0,0,100
2955,100,0,100,0
2956,0,0,0,0
2957,0,100,0,100
2958,100,0,0,0
2959,0,0,100,0
2960,0,100,0,100
2961,100,0,0,0
2962,100,0,100,0
2963,0,0,0,100
2964,0,100,0,0
2965,100,0,0,0
2966,0,0,100,0
2967,0,100,0,100
2968,100,100,0,0
2969,0,0,100,0
2970,0,0,0,100
2971,0,100,0,0
2972,100,100,100,0
2973,0,0,0,100
2974,0,0,0,0
2975,100,100,0,0
2976,0,0,100,100
2977,0,0,0,0
2978,100,0,0,0
2979,0,100,100,100
2980,0,0,0,0
2981,0,0,0,0
2982,100,100,100,100
2983,0,0,100,0
2984,0,0,0,0
2985,100,0,0,100
2986,0,100,100,0
2987,0,0,0,0
2988,100,0,0,100
2989,100,100,100,0
2990,0,0,0,0
2991,0,0,0,100
2992,100,0,0,0
2993,0,100,100,0
2994,0,0,0,100
2995,100,0,0,0
2996,0,100,100,0
2997,0,0,0,0
2998,0,0,0,100
2999,100,100,100,0
3000,0,0,0,0
3001,0,0,0,100
3002,100,0,0,0
3003,0,100,100,0
3004,0,0,0,100
3005,100,0,0,0
3006,0,100,100,0
3007,0,100,0,100
3008,0,0,0,0
3009,100,0,100,0
3010,0,100,100,100
3011,0,0,0,0
3012,100,0,0,0
3013,0,100,100,100
3014,0,100,0,0
3015,0,0,0,0
3016,100,0,100,100
3017,0,100,0,0
3018,0,0,0,0
3019,100,0,0,100
3020,0,100,100,0
3021,0,100,0,0
3022,100,0,0,100
3023,0,0,100,0
3024,0,100,0,0
3025,0,0,0,0
3026,100,0,100,100
3027,0,0,0,0
3028,0,100,0,0
3029,100,100,0,100
3030,0,0,100,0
3031,0,0,0,0
3032,0,100,0,100
3033,100,100,100,0
3034,0,0,0,0
3035,0,0,0,100
3036,100,0,0,0
3037,0,100,100,0
3038,0,0,0,100
3039,100,0,0,0
3040,0,100,100,0
3041,0,0,0,100
3042,0,0,0,0
3043,100,0,100,0
3044,0,100,0,100
3045,0,0,0,0
3046,100,0,0,0
3047,0,0,100,100
3048,0,100,0,0
3049,100,100,0,0
3050,100,0,100,100
3051,0,0,0,0
3052,0,0,0,0
3053,100,100,0,100
3054,0,0,100,0
3055,0,0,0,0
3056,100,0,0,0
3057,0,100,100,0
3058,0,0,0,0
3059,0,0,0,0
3060,100,100,100,0
3061,0,0,0,100
3062,0,0,0,0
3063,100,0,0,0
3064,0,100,100,100
3065,0,0,0,0
3066,100,0,0,0
3067,0,100,100,100
3068,0,0,0,0
3069,0,0,0,0
3070,100,0,0,100
3071,0,100,100,0
3072,0,0,0,0
3073,100,0,0,100
3074,0,0,100,0
3075,0,100,0,0
3076,100,0,0,100
3077,100,0,100,0
3078,0,0,0,0
3079,0,100,0,100
3080,100,0,0,0
3081,0,0,100,0
3082,0,100,0,100
3083,100,0,0,0
3084,0,0,100,0
3085,0,100,0,100
3086,0,0,0,0
3087,100,0,100,0
3088,0,100,100,100
3089,0,0,0,0
3090,100,0,0,0
3091,0,100,100,100
3092,0,100,0,0
3093,100,0,0,0
3094,0,0,100,100
3095,0,100,0,0
3096,0,0,0,0
3097,100,0,0,100
3098,0,100,100,0
3099,0,0,0,0
3100,100,0,0,0
3101,0,100,100,0
3102,0,0,0,0
3103,0,0,0,0
3104,100,100,100,100
3105,0,0,0,0
3106,0,0,0,0
3107,100,0,0,100
3108,0,100,100,0
3109,0,0,0,0
3110,0,0,0,100
3111,0,100,100,0
3112,100,0,0,0
3113,0,0,0,100
3114,0,100,0,0
3115,100,0,100,0
3116,0,0,0,100
3117,0,100,0,0
3118,100,100,100,0
3119,0,0,0,100
3120,0,0,0,0
3121,100,100,0,0
3122,0,0,100,100
3123,0,0,0,0
3124,0,100,0,0
3125,100,0,100,0
3126,0,0,0,0
3127,0,100,0,0
3128,100,0,100,0
3129,0,0,0,100
3130,0,0,0,0
3131,100,100,0,0
3132,0,0,100,100
3133,0,0,0,0
3134,0,100,0,0
3135,100,0,100,100
3136,0,0,0,0
3137,0,100,0,0
3138,100,0,0,100
3139,0,0,100,0
3140,0,100,0,0
3141,100,0,0,100
3142,100,0,100,0
3143,0,0,0,0
3144,0,100,0,100
3145,100,0,100,0
3146,0,0,0,0
3147,0,100,0,100
3148,100,0,0,0
3149,0,0,100,0
3150,0,600,0,100
3151,0,0,0,0
3152,100,0,0,0
3153,0,100,100,100
3154,0,0,0,0
3155,100,0,0,0
3156,0,100,0,0
3157,0,100,100,100
3158,100,0,0,0
3159,0,0,0,0
3160,0,100,100,100
3161,0,100,0,0
3162,100,100,0,0
3163,0,0,100,100
3164,0,0,0,0
3165,100,100,0,0
3166,0,0,0,100
3167,0,0,100,0
3168,100,100,0,0
3169,100,100,0,100
3170,0,0,100,0
3171,0,0,0,0
3172,100,100,0,100
3173,0,0,0,0
3174,0,0,100,0
3175,100,0,0,100
3176,0,100,0,0
3177,0,0,100,0
3178,0,0,0,100
3179,100,100,0,0
3180,0,0,100,100
3181,0,0,0,0
3182,100,0,0,0
3183,0,100,0,0
3184,0,0,100,0
3185,100,0,0,0
3186,0,100,0,0
3187,0,0,100,100
3188,0,0,0,0
3189,100,100,0,0
3190,0,0,0,100
3191,0,0,100,0
3192,100,0,0,0
3193,0,100,0,100
3194,0,0,100,0
3195,0,0,0,0
3196,100,100,0,100
3197,0,0,100,0
3198,0,0,100,0
3199,100,100,0,0
3200,0,0,0,0
3201,0,0,100,100
3202,100,100,0,100
3203,0,0,0,100
3204,0,0,100,0
3205,0,0,0,0
3206,100,100,0,100
3207,0,0,0,0
3208,0,0,100,0
3209,100,100,0,100
3210,0,0,0,100
3211,0,0,100,0
3212,100,100,0,0
3213,0,0,0,100
3214,0,0,100,0
3215,0,0,0,0
3216,100,100,0,100
3217,0,0,0,0
3218,0,0,100,0
3219,100,100,0,0
3220,0,0,0,100
3221,0,0,100,0
3222,0,0,0,0
3223,100,100,0,100
3224,0,0,100,0
3225,0,0,100,0
3226,100,100,0,100
3227,0,0,0,0
3228,0,100,100,0
3229,100,0,0,100
3230,0,0,0,0
3231,0,0,100,0
3232,0,100,0,100
3233,100,0,0,0
3234,0,0,0,0
3235,0,100,100,100
3236,100,0,0,0
3237,0,0,0,0
3238,0,100,100,0
3239,100,100,0,100
3240,0,100,0,0
3241,0,100,100,0
3242,0,0,0,100
3243,100,100,0,0
3244,0,0,0,0
3245,0,100,100,100
3246,100,100,0,0
3247,0,0,0,0
3248,0,0,100,0
3249,0,100,0,0
3250,100,100,0,100
3251,0,0,100,0
3252,0,0,100,0
3253,100,100,0,100
3254,0,0,0,0
3255,0,0,100,0
3256,100,0,0,0
3257,100,100,0,0
3258,0,0,100,0
3259,0,0,0,100
3260,100,100,0,0
3261,0,0,0,0
3262,0,0,100,100
3263,100,0,0,0
3264,0,100,0,0
3265,0,0,100,100
3266,0,0,0,0
3267,100,100,0,0
3268,0,0,100,100
3269,0,0,0,0
3270,100,0,0,0
3271,0,100,0,100
3272,0,0,100,0
3273,100,0,0,0
3274,0,100,0,100
3275,0,0,100,0
3276,0,0,0,0
3277,100,0,0,100
3278,0,100,0,0
3279,0,0,100,0
3280,100,0,0,0
3281,0,100,100,100
3282,0,0,100,0
3283,100,0,0,0
3284,100,0,0,100
3285,0,100,100,0
3286,0,0,0,0
3287,100,0,0,100
3288,0,100,100,0
3289,0,0,0,0
3290,100,0,0,100
3291,0,0,0,0
3292,0,100,100,0
3293,0,0,0,100
3294,100,0,0,0
3295,0,100,100,0
3296,0,0,0,100
3297,100,0,0,0
3298,0,0,100,0
3299,0,100,0,0
3300,100,0,0,100
3301,0,0,0,0
3302,0,100,100,0
3303,0,0,0,100
3304,100,0,0,0
3305,0,0,100,0
3306,0,100,0,100
3307,100,0,0,0
3308,0,0,100,0
3309,0,100,0,100
3310,0,0,0,0
3311,100,0,0,0
3312,0,0,100,100
3313,0,100,0,0
3314,100,0,0,0
3315,0,0,100,100
3316,0,100,0,0
3317,100,0,0,0
3318,0,0,0,0
3319,0,0,100,100
3320,0,100,0,0
3321,100,0,0,0
3322,0,0,100,100
3323,0,100,0,0
3324,0,0,0,0
3325,100,0,100,100
3326,0,0,0,0
3327,0,100,0,0
3328,100,0,100,100
3329,0,0,0,0
3330,0,100,0,0
3331,100,0,0,100
3332,100,0,100,0
3333,0,0,0,0
3334,0,100,0,0
3335,100,0,100,100
3336,0,0,0,0
3337,0,100,0,0
3338,100,0,0,100
3339,0,0,100,0
3340,0,0,0,0
3341,0,100,0,100
3342,0,0,100,0
3343,0,0,0,0
3344,100,100,0,100
3345,0,0,100,0
3346,0,0,0,0
3347,0,0,100,100
3348,100,100,0,0
3349,0,0,0,0
3350,0,0,0,100
3351,100,100,100,0
3352,0,0,0,0
3353,0,0,0,0
3354,100,0,0,100
3355,100,100,100,0
3356,0,0,0,0
3357,0,0,0,100
3358,100,100,100,0
3359,0,100,0,0
3360,0,0,0,100
3361,100,0,100,0
3362,0,100,100,0
3363,0,0,0,100
3364,0,0,0,0
3365,0,100,100,0
3366,0,100,0,100
3367,100,0,0,0
3368,0,0,100,0
3369,0,100,0,0
3370,100,0,0,100
3371,0,0,0,0
3372,0,100,100,0
3373,100,100,0,100
3374,0,0,0,0
3375,0,0,100,0
3376,0,100,0,100
3377,100,0,0,0
3378,0,0,0,0
3379,0,100,100,100
3380,100,100,0,0
3381,0,0,0,0
3382,0,0,100,100
3383,100,100,0,0
3384,100,0,0,0
3385,0,0,100,100
3386,0,100,100,0
3387,100,100,0,0
3388,0,0,0,0
3389,0,0,100,100
3390,100,100,0,0
3391,0,0,0,0
3392,0,0,100,100
3393,0,0,0,0
3394,100,100,0,0
3395,0,0,0,100
3396,0,0,100,0
3397,100,100,0,0
3398,0,0,0,100
3399,0,0,100,0
3400,100,0,0,0
3401,100,100,0,100
3402,0,0,0,0
3403,0,0,100,0
3404,100,100,0,0
3405,0,0,0,100
3406,0,0,100,0
3407,100,0,0,0
3408,0,100,0,100
3409,0,0,100,0
3410,0,0,0,0
3411,100,100,0,100
3412,0,0,0,0
3413,0,0,100,0
3414,100,0,0,100
3415,0,100,0,0
3416,0,0,100,0
3417,100,0,0,100
3418,0,100,0,0
3419,0,0,0,0
3420,0,0,100,100
3421,100,0,0,0
3422,0,100,0,0
3423,0,0,100,0
3424,100,0,0,100
3425,0,100,0,0
3426,0,0,100,0
3427,0,0,100,100
3428,100,0,0,0
3429,0,100,0,0
3430,0,0,100,100
3431,100,0,0,0
3432,0,100,0,0
3433,0,0,100,100
3434,100,0,0,0
3435,0,0,0,0
3436,0,100,0,100
3437,0,0,100,0
3438,100,0,0,0
3439,0,100,0,0
3440,0,0,100,100
3441,100,0,0,0
3442,0,0,0,0
3443,0,100,0,100
3444,0,0,100,0
3445,100,0,0,0
3446,0,100,0,100
3447,0,100,100,0
3448,100,0,0,0
3449,0,0,0,100
3450,0,100,100,0
3451,100,0,100,0
3452,0,0,0,100
3453,0,0,0,0
3454,0,100,100,0
3455,100,0,0,0
3456,0,0,0,100
3457,0,100,100,0
3458,100,0,0,0
3459,0,0,0,100
3460,0,0,0,0
3461,0,100,100,0
3462,100,0,0,100
3463,0,0,0,100
3464,0,100,100,0
3465,100,0,0,0
3466,0,0,0,0
3467,0,0,100,100
3468,100,100,100,0
3469,100,0,0,0
3470,0,0,0,100
3471,0,100,100,0
3472,100,0,0,0
3473,0,0,0,100
3474,0,0,100,0
3475,100,100,0,0
3476,0,0,0,0
3477,0,0,0,100
3478,0,100,100,0
3479,100,0,0,0
3480,0,0,0,100
3481,0,0,100,0
3482,100,100,0,0
3483,0,0,0,100
3484,0,0,100,0
3485,100,100,100,0
3486,100,0,0,100
3487,0,0,0,0
3488,0,0,100,0
3489,100,100,0,0
3490,0,0,0,100
3491,0,0,100,0
3492,100,100,0,0
3493,0,0,0,100
3494,0,0,0,0
3495,0,0,100,0
3496,100,100,0,100
3497,0,0,0,0
3498,0,0,100,0
3499,100,100,0,100
3500,0,0,0,0
3501,0,0,100,0
3502,100,0,100,0
3503,100,100,0,100
3504,0,0,0,100
3505,0,0,100,0
3506,100,100,0,0
3507,0,0,0,100
3508,0,0,100,0
3509,100,0,0,0
3510,0,100,0,100
3511,0,0,0,0
3512,0,0,100,0
3513,100,100,0,100
3514,0,100,0,0
3515,0,0,100,0
3516,100,0,0,0
3517,0,100,0,100
3518,0,0,100,0
3519,0,0,100,0
3520,100,100,0,0
3521,0,100,0,0
3522,0,0,100,100
3523,100,0,0,0
3524,0,100,0,0
3525,0,0,100,100
3526,100,0,0,0
3527,100,100,0,0
3528,0,100,0,100
3529,0,0,100,0
3530,100,0,0,0
3531,0,100,0,0
3532,0,0,100,100
3533,100,0,0,0
3534,0,100,0,0
3535,0,100,100,100
3536,0,0,100,0
3537,100,0,0,0
3538,0,100,0,100
3539,0,0,100,0
3540,100,0,0,0
3541,0,0,0,0
3542,0,100,100,100
3543,0,0,0,0
3544,100,0,0,0
3545,0,100,0,100
3546,0,0,100,0
3547,100,0,0,0
3548,0,0,0,100
3549,0,100,100,0
3550,0,0,0,0
3551,100,0,0,100
3552,0,100,100,0
3553,0,0,0,0
3554,100,0,0,0
3555,0,0,0,100
3556,0,100,100,0
3557,100,0,0,0
3558,100,0,0,100
3559,0,100,100,0
3560,0,0,0,0
3561,100,0,0,100
3562,0,0,0,0
3563,0,100,100,0
3564,100,0,0,100
3565,0,0,0,0
3566,0,100,100,0
3567,0,0,0,0
3568,100,0,0,100
3569,0,0,100,0
3570,0,100,0,0
3571,100,0,0,100
3572,0,0,0,0
3573,0,100,100,0
3574,0,0,0,100
3575,100,0,0,0
3576,0,0,100,0
3577,0,100,0,100
3578,100,0,0,100
3579,0,0,100,0
3580,0,100,100,0
3581,100,0,0,100
3582,0,0,0,0
3583,0,0,100,0
3584,0,100,0,100
3585,100,0,0,0
3586,0,0,100,0
3587,0,100,0,100
3588,100,0,0,0
3589,0,0,0,0
3590,0,0,100,0
3591,0,100,0,100
3592,100,0,0,0
3593,0,0,100,0
3594,0,100,0,100
3595,100,0,0,0
3596,0,0,100,0
3597,0,0,0,100
3598,0,100,0,0
3599,100,0,0,0
3600,0,0,100,100
3601,0,100,0,0
3602,100,100,0,0
3603,0,0,100,0
3604,0,0,0,100
3605,100,100,0,0
3606,0,0,0,0
3607,0,0,100,100
3608,0,100,0,0
3609,100,100,0,0
3610,0,0,100,100
3611,0,0,0,0
3612,100,100,0,0
3613,0,0,100,0
3614,0,0,0,100
3615,0,100,0,0
3616,100,100,0,0
3617,0,0,100,100
3618,0,0,0,0
3619,100,100,0,0
3620,0,0,100,100
3621,0,0,0,0
3622,0,100,0,0
3623,100,100,100,100
3624,100,0,100,0
3625,0,0,0,0
3626,0,100,0,0
3627,100,0,100,100
3628,0,0,0,0
3629,0,100,0,100
3630,0,100,100,0
3631,100,0,0,0
3632,0,0,0,100
3633,0,100,0,0
3634,100,0,100,0
3635,0,0,0,100
3636,0,100,0,0
3637,100,100,100,0
3638,0,0,0,0
3639,0,0,0,100
3640,0,100,0,0
3641,100,0,100,0
3642,0,0,0,100
3643,0,100,0,0
3644,100,100,100,0
3645,0,0,0,100
3646,0,0,0,0
3647,100,100,100,0
3648,0,0,100,0
3649,0,0,0,100
3650,0,100,0,0
3651,100,100,100,0
3652,0,0,0,100
3653,0,0,0,0
3654,100,100,100,0
3655,0,0,0,100
3656,0,0,0,0
3657,100,100,0,0
3658,100,100,100,100
3659,0,0,0,0
3660,0,0,0,0
3661,100,100,100,100
3662,0,0,0,0
3663,0,0,0,0
3664,100,0,0,0
3665,0,100,100,100
3666,0,0,0,0
3667,0,0,0,0
3668,100,100,100,100
3669,0,0,0,0
3670,0,0,0,0
3671,100,0,100,100
3672,0,100,100,0
3673,0,0,0,0
3674,100,0,0,100
3675,0,100,100,0
3676,0,0,0,0
3677,0,0,0,0
3678,100,0,0,100
3679,0,100,100,0
3680,0,0,0,0
3681,100,0,0,100
3682,0,100,100,0
3683,0,0,0,0
3684,100,0,0,100
3685,0,0,0,0
3686,0,100,100,0
3687,0,0,0,100
3688,100,0,0,0
3689,0,100,100,0
3690,0,0,0,0
3691,100,0,0,100
3692,0,0,0,0
3693,0,100,100,0
3694,0,0,0,100
3695,100,0,0,0
3696,0,100,100,0
3697,0,0,0,100
3698,100,0,0,0
3699,0,0,100,0
3700,0,100,100,0
3701,100,0,0,100
3702,0,0,0,0
3703,0,100,100,0
3704,0,0,0,100
3705,100,0,0,0
3706,0,0,100,0
3707,0,100,0,100
3708,100,0,0,0
3709,0,0,100,0
3710,0,100,0,100
3711,100,0,0,0
3712,0,0,100,0
3713,0,0,0,0
3714,0,100,0,100
3715,100,0,100,0
3716,0,0,0,0
3717,0,100,0,100
3718,100,0,100,0
3719,0,0,0,0
3720,0,0,0,100
3721,100,100,100,0
3722,100,0,100,0
3723,0,0,0,100
3724,0,100,0,0
3725,100,0,100,0
3726,0,0,0,100
3727,0,0,0,0
3728,100,100,100,0
3729,0,0,0,100
3730,0,0,0,0
3731,0,100,0,0
3732,100,100,100,100
3733,0,0,0,0
3734,0,0,0,0
3735,100,100,100,0
3736,0,0,0,100
3737,0,0,0,0
3738,100,100,0,0
3739,0,100,100,100
3740,0,0,0,0
3741,0,0,0,0
3742,100,100,100,0
3743,0,0,0,100
3744,0,0,0,0
3745,100,0,0,0
3746,0,100,100,100
3747,0,0,0,0
3748,100,0,0,0
3749,0,100,100,100
3750,0,0,0,0
3751,0,0,0,0
3752,100,0,100,0
3753,0,100,100,100
3754,0,0,0,0
3755,100,0,0,0
3756,0,100,100,100
3757,0,0,0,0
3758,100,0,0,0
3759,100,0,100,100
3760,0,100,0,0
3761,0,0,0,0
3762,100,0,0,0
3763,0,100,100,100
3764,0,0,0,0
3765,100,0,100,0
3766,0,0,0,100
3767,0,100,0,0
3768,0,0,100,0
3769,100,0,0,0
3770,0,100,0,100
3771,0,100,100,0
3772,100,0,100,0
3773,0,0,0,100
3774,0,100,0,0
3775,100,0,100,0
3776,0,0,0,100
3777,0,100,0,0
3778,0,100,100,0
3779,100,0,100,0
3780,0,0,0,100
3781,0,100,0,0
3782,100,0,100,0
3783,0,0,0,100
3784,0,0,0,0
3785,100,100,100,0
3786,100,0,0,0
3787,0,0,0,100
3788,0,100,0,0
3789,100,0,100,0
3790,0,0,0,100
3791,0,0,0,0
3792,0,100,100,0
3793,100,0,0,0
3794,0,0,0,100
3795,0,100,0,0
3796,100,0,100,0
3797,0,0,0,100
3798,0,0,0,0
3799,100,100,100,0
3800,100,0,0,0
3801,0,0,0,0
3802,0,100,100,100
3803,100,0,0,100
3804,0,0,0,0
3805,0,0,0,0
3806,100,100,100,100
3807,0,0,0,0
3808,0,0,0,0
3809,0,100,100,100
3810,100,0,0,0
3811,0,0,0,0
3812,0,0,0,0
3813,100,100,100,100
3814,0,0,0,0
3815,0,0,0,0
3816,100,100,100,0
3817,0,0,0,0
3818,0,0,0,100
3819,0,0,100,0
3820,100,100,0,0
3821,0,0,0,100
3822,0,0,0,0
3823,0,100,100,0
3824,0,0,0,0
3825,100,0,0,100
3826,0,0,100,0
3827,0,100,0,0
3828,0,0,0,100
3829,0,0,0,0
3830,100,100,100,0
3831,0,100,0,100
3832,0,0,0,100
3833,100,0,100,0
3834,0,100,0,0
3835,0,0,0,100
3836,100,0,100,0
3837,0,100,100,0
3838,0,100,0,100
3839,0,0,0,0
3840,100,0,100,0
3841,0,100,0,0
3842,0,0,0,100
3843,100,0,100,0
3844,0,100,0,0
3845,0,100,0,100
3846,100,0,0,0
3847,100,0,100,0
3848,0,100,0,100
3849,0,0,0,0
3850,100,0,100,0
3851,0,100,0,0
3852,0,100,0,100
3853,100,0,0,0
3854,0,0,100,0
3855,0,100,0,100
3856,0,0,0,100
3857,100,0,100,0
3858,0,0,0,0
3859,0,100,0,100
3860,100,0,100,0
3861,0,0,0,0
3862,0,100,0,100
3863,100,0,100,0
3864,100,0,0,0
3865,0,100,0,0
3866,0,100,100,100
3867,100,0,0,0
3868,0,0,0,0
3869,0,100,0,100
3870,100,0,100,0
3871,0,0,0,0
3872,0,0,0,0
3873,0,100,100,100
3874,100,0,0,0
3875,0,0,0,0
3876,0,100,100,100
3877,0,0,0,0
3878,100,0,0,0
3879,100,0,100,100
3880,0,100,0,0
3881,0,0,0,0
3882,100,0,0,0
3883,100,100,100,100
3884,100,0,0,0
3885,0,0,0,0
3886,0,0,100,100
3887,100,100,0,0
3888,0,0,0,0
3889,0,0,100,0
3890,100,100,0,100
3891,0,0,0,0
3892,0,0,0,0
3893,0,0,100,100
3894,100,100,0,0
3895,0,0,0,0
3896,0,0,100,100
3897,100,100,0,0
3898,0,0,0,0
3899,0,0,100,0
3900,100,0,0,100
3901,0,100,0,0
3902,0,0,100,0
3903,0,0,0,100
3904,100,100,0,0
3905,0,0,0,0
3906,0,0,100,0
3907,100,0,0,100
3908,0,100,0,0
3909,0,0,100,0
3910,100,0,0,100
3911,0,100,0,0
3912,0,0,100,0
3913,100,0,0,100
3914,100,0,0,0
3915,0,100,100,0
3916,0,0,0,0
3917,100,0,0,100
3918,0,100,0,0
3919,0,0,100,0
3920,0,0,0,100
3921,100,0,0,0
3922,0,100,100,0
3923,0,0,0,0
3924,100,0,0,100
3925,0,100,100,0
3926,0,0,0,0
3927,100,0,0,100
3928,100,0,100,0
3929,0,100,0,0
3930,0,0,0,100
3931,0,0,0,100
3932,0,100,100,0
3933,100,0,0,0
3934,0,0,0,100
3935,0,0,100,0
3936,100,100,0,0
3937,0,0,0,100
3938,0,0,100,0
3939,0,100,0,0
3940,100,0,0,0
3941,0,0,100,100
3942,0,0,0,0
3943,100,100,0,0
3944,0,0,0,100
3945,0,0,100,0
3946,100,100,0,0
3947,0,0,0,100
3948,0,0,100,100
3949,0,0,0,0
3950,100,100,0,0
3951,0,0,100,100
3952,0,0,0,0
3953,100,100,0,0
3954,0,0,100,100
3955,0,0,0,0
3956,100,0,0,0
3957,0,100,0,0
3958,0,0,100,100
3959,0,0,0,0
3960,100,100,0,0
3961,0,0,100,100
3962,0,0,0,0
3963,100,100,0,0
3964,0,100,100,100
3965,0,0,0,100
3966,100,0,0,0
3967,0,100,0,0
3968,0,0,100,100
3969,0,0,0,0
3970,100,100,0,0
3971,0,100,100,100
3972,0,0,0,0
3973,100,0,0,0
3974,0,100,100,0
3975,0,0,0,100
3976,100,0,0,0
3977,0,100,100,0
3978,0,100,0,100
3979,0,0,0,0
3980,100,0,0,0
3981,0,100,100,100
3982,0,0,0,0
3983,100,0,0,0
3984,0,100,100,100
3985,0,100,0,0
3986,100,0,0,0
3987,0,0,100,100
3988,0,100,0,0
3989,0,0,0,0
3990,100,0,100,100
3991,0,100,0,0
3992,0,100,0,0
3993,100,0,0,100
3994,0,0,100,0
3995,0,100,0,0
3996,100,100,0,0
3997,0,0,100,100
3998,0,0,0,0
3999,0,0,0,0
4000,100,100,100,100
4001,0,0,0,0
4002,0,0,0,0
4003,100,100,100,100
4004,0,0,100,0
4005,0,0,0,0
4006,100,0,0,100
4007,0,100,100,0
4008,0,0,0,0
4009,0,0,0,100
4010,100,100,100,0
4011,0,100,0,0
4012,0,0,0,100
4013,100,0,100,0
4014,0,100,0,0
4015,0,0,0,0
4016,100,0,0,100
4017,0,100,100,0
4018,0,100,0,0
4019,0,0,0,100
4020,100,0,100,0
4021,0,100,0,0
4022,0,0,0,100
4023,100,0,100,0
4024,0,100,0,0
4025,0,100,0,100
4026,100,0,100,0
4027,0,0,0,0
4028,0,100,0,100
4029,0,0,0,0
4030,100,0,100,0
4031,0,100,0,100
4032,0,100,0,100
4033,100,0,100,0
4034,0,0,0,0
4035,0,100,0,100
4036,100,0,100,0
4037,0,0,0,0
4038,0,0,0,100
4039,0,100,0,0
4040,100,0,100,0
4041,0,0,0,100
4042,0,100,0,0
4043,100,0,100,0
4044,0,0,0,100
4045,0,0,0,0
4046,100,100,100,0
4047,0,0,0,100
4048,0,0,0,0
4049,0,100,100,0
4050,100,0,0,0
4051,0,0,0,100
4052,0,0,0,0
4053,100,100,100,0
4054,0,0,0,100
4055,0,0,0,0
4056,100,0,100,0
4057,0,100,0,100
4058,0,0,0,0
4059,0,0,100,0
4060,100,0,0,100
4061,0,100,0,0
4062,0,0,100,0
4063,100,0,0,100
4064,0,100,0,0
4065,0,0,0,0
4066,100,0,100,0
4067,0,0,0,100
4068,0,100,0,0
4069,0,0,100,0
4070,100,0,0,100
4071,0,100,0,0
4072,0,0,100,0
4073,100,0,0,0
4074,0,0,0,100
4075,0,100,100,0
4076,100,0,0,0
4077,0,0,0,100
4078,0,100,0,0
4079,0,0,100,0
4080,100,0,0,100
4081,0,0,0,0
4082,0,100,100,0
4083,100,0,0,100
4084,0,0,0,100
4085,0,100,100,0
4086,100,0,0,0
4087,0,0,0,100
4088,0,0,0,0
4089,0,100,100,0
4090,100,0,0,100
4091,0,0,0,0
4092,0,100,100,0
4093,100,0,0,100
4094,0,0,0,100
4095,0,0,100,0
4096,100,100,0,0
4097,0,0,0,100
4098,0,0,100,0
4099,0,100,0,0
4100,100,0,0,100
4101,0,0,0,0
4102,0,0,100,0
4103,100,100,0,0
4104,0,0,0,100
4105,0,0,100,0
4106,100,100,0,0
4107,0,0,0,100
4108,0,0,100,0
4109,0,0,0,0
4110,100,100,0,100
4111,0,0,100,0
4112,0,0,0,0
4113,100,100,0,0
4114,0,0,0,100
4115,0,0,100,0
4116,100,0,0,0
4117,0,100,0,100
4118,0,0,100,0
4119,0,0,0,0
4120,100,100,0,100
4121,0,100,0,100
4122,0,0,0,0
4123,100,0,100,0
4124,0,100,0,100
4125,0,0,0,0
4126,100,0,100,0
4127,0,100,0,100
4128,0,100,0,0
4129,0,0,100,0
4130,100,0,0,0
4131,0,100,0,100
4132,0,0,0,0
4133,100,0,100,0
4134,0,100,0,100
4135,0,100,0,0
4136,100,0,100,0
4137,0,0,0,100
4138,0,100,0,0
4139,100,0,100,0
4140,0,0,100,0
4141,0,100,0,100
4142,100,0,0,0
4143,0,0,100,0
4144,0,0,0,100
4145,0,100,0,0
4146,100,0,100,0
4147,0,0,0,100
4148,0,100,0,0
4149,100,0,100,0
4150,0,0,0,0
4151,0,0,0,100
4152,0,100,100,0
4153,100,0,0,0
4154,0,0,0,100
4155,0,100,0,0
4156,100,0,100,0
4157,0,0,0,100
4158,0,0,0,0
4159,100,100,100,0
4160,0,0,0,0
4161,0,0,0,100
4162,0,100,100,0
4163,100,0,0,0
4164,0,0,3100,100
4165,0,0,0,0
4166,100,100,0,0
4167,0,0,100,100
4168,0,0,0,100
4169,100,100,0,0
4170,100,0,0,0
4171,0,0,100,100
4172,0,0,0,0
4173,100,100,0,0
4174,0,0,100,100
4175,0,0,0,0
4176,100,100,0,0
4177,0,0,0,0
4178,0,0,100,100
4179,0,0,0,0
4180,100,100,0,0
4181,0,0,100,100
4182,0,0,0,0
4183,100,100,0,0
4184,0,0,0,100
4185,0,0,100,0
4186,100,0,0,0
4187,0,100,0,100
4188,0,0,100,100
4189,0,0,0,0
4190,100,100,0,0
4191,0,0,0,100
4192,0,0,100,0
4193,100,0,0,0
4194,0,100,0,100
4195,0,0,100,0
4196,0,0,0,0
4197,100,100,0,0
4198,0,0,100,100
4199,0,0,0,0
4200,100,0,0,0
4201,0,100,0,100
4202,0,0,100,0
4203,100,0,0,0
4204,0,100,0,100
4205,0,0,100,0
4206,0,0,0,0
4207,100,0,0,0
4208,0,100,0,0
4209,0,0,100,100
4210,100,0,0,0
4211,0,100,0,0
4212,0,0,100,0
4213,0,0,0,100
4214,100,0,0,0
4215,0,100,0,0
4216,0,0,100,100
4217,100,0,0,0
4218,0,100,0,0
4219,0,0,100,100
4220,100,0,0,100
4221,0,0,0,0
4222,0,100,0,0
4223,0,0,100,100
4224,100,0,0,0
4225,0,100,0,0
4226,0,0,100,100
4227,100,0,0,0
4228,0,0,0,0
4229,0,100,0,0
4230,0,0,100,100
4231,100,0,0,0
4232,0,100,0,0
4233,0,0,100,100
4234,100,0,0,0
4235,0,0,0,100
4236,0,100,0,0
4237,100,0,100,0
4238,0,0,0,100
4239,0,100,0,100
4240,0,0,100,0
4241,100,0,0,0
4242,0,0,0,100
4243,0,100,0,0
4244,100,0,100,0
4245,0,0,0,0
4246,0,100,0,100
4247,0,0,100,100
4248,100,0,0,0
4249,0,100,0,0
4250,0,100,100,100
4251,100,0,100,0
4252,0,0,0,0
4253,0,0,0,100
4254,100,100,100,0
4255,100,100,0,100
4256,0,0,0,100
4257,0,0,100,0
4258,100,100,100,0
4259,0,0,0,100
4260,0,0,0,0
4261,100,0,100,0
4262,0,100,0,100
4263,0,0,0,0
4264,0,0,100,0
4265,100,100,0,100
4266,0,0,0,0
4267,0,0,0,0
4268,100,100,100,0
4269,0,0,0,100
4270,0,0,0,0
4271,100,0,100,0
4272,100,100,0,100
4273,0,0,0,0
4274,100,0,0,0
4275,0,100,100,100
4276,0,0,0,0
4277,100,0,0,0
4278,100,0,100,100
4279,0,100,0,0
4280,0,0,0,0
4281,0,0,0,100
4282,100,100,100,0
4283,0,0,0,0
4284,0,0,0,100
4285,100,0,100,0
4286,0,100,0,0
4287,0,0,0,0
4288,0,0,0,100
4289,100,100,100,0
4290,0,0,0,0
4291,0,0,0,100
4292,100,100,100,0
4293,0,100,0,0
4294,0,0,0,100
4295,0,0,0,0
4296,100,100,100,0
4297,0,0,0,100
4298,0,0,0,0
4299,0,100,100,0
4300,100,0,0,0
4301,0,0,0,100
4302,0,0,0,0
4303,100,100,100,0
4304,0,0,0,0
4305,0,0,0,100
4306,0,100,100,0
4307,100,0,0,0
4308,0,0,0,100
4309,0,0,0,0
4310,100,100,100,0
4311,100,0,0,100
4312,0,0,0,0
4313,0,100,100,0
4314,100,0,0,100
4315,0,0,0,0
4316,0,0,0,0
4317,100,100,100,100
4318,100,0,0,0
4319,0,0,0,0
4320,0,100,100,100
4321,100,0,0,100
4322,0,0,0,0
4323,0,100,100,0
4324,100,100,100,100
4325,0,0,0,0
4326,0,0,0,0
4327,0,100,100,200
4328,100,0,0,100
4329,0,0,0,0
4330,0,100,100,0
4331,100,0,100,0
4332,0,0,0,100
4333,0,0,0,0
4334,100,100,100,0
4335,0,0,0,100
4336,0,0,0,0
4337,0,100,100,0
4338,100,0,0,100
4339,0,0,0,0
4340,0,0,0,0
4341,100,100,100,100
4342,0,0,0,0
4343,0,0,0,0
4344,100,100,100,100
4345,0,0,0,0
4346,0,0,100,0
4347,0,0,0,100
4348,100,100,0,0
4349,0,0,100,0
4350,0,0,0,0
4351,100,100,0,100
4352,0,0,0,0
4353,0,0,0,0
4354,0,100,100,100
4355,100,100,0,0
4356,0,0,0,0
4357,0,0,100,100
4358,100,100,0,0
4359,0,0,0,0
4360,0,0,0,100
4361,100,100,100,0
4362,0,100,0,0
4363,0,0,0,100
4364,0,0,100,0
4365,100,100,0,0
4366,0,0,0,100
4367,0,0,0,0
4368,100,100,100,100
4369,0,0,0,0
4370,0,0,0,0
4371,0,0,0,100
4372,100,100,0,0
4373,0,0,100,0
4374,0,0,0,100
4375,100,100,0,0
4376,0,0,100,0
4377,0,0,0,0
4378,100,0,0,100
4379,100,100,0,0
4380,0,0,100,0
4381,0,0,0,100
4382,100,100,0,0
4383,0,0,100,0
4384,0,0,0,100
4385,100,0,0,0
4386,100,100,100,0
4387,0,0,100,100
4388,0,0,0,0
4389,100,100,0,0
4390,0,0,100,100
4391,0,0,0,0
4392,100,100,0,0
4393,0,100,100,100
4394,0,0,0,0
4395,0,0,0,0
4396,100,100,0,0
4397,100,0,100,100
4398,0,0,0,0
4399,0,100,0,0
4400,100,100,100,100
4401,0,0,0,0
4402,100,0,0,0
4403,100,100,0,100
4404,0,0,100,0
4405,0,0,0,0
4406,100,100,0,100
4407,100,0,100,0
4408,0,0,0,0
4409,0,0,0,100
4410,100,100,0,0
4411,0,0,100,0
4412,0,0,0,100
4413,100,100,0,100
4414,0,0,100,0
4415,0,0,0,100
4416,0,0,0,0
4417,100,100,0,0
4418,0,0,100,100
4419,0,0,0,0
4420,100,100,0,0
4421,0,0,100,0
4422,0,0,0,100
4423,100,0,0,0
4424,100,100,100,0
4425,0,0,0,100
4426,0,0,0,0
4427,100,100,0,0
4428,0,0,100,100
4429,0,0,0,0
4430,100,0,0,0
4431,0,100,100,100
4432,0,0,0,0
4433,0,0,0,0
4434,100,100,0,100
4435,0,0,100,0
4436,0,0,0,0
4437,100,100,0,0
4438,0,100,100,100
4439,0,0,0,0
4440,100,0,0,0
4441,0,100,0,100
4442,0,0,100,0
4443,0,0,0,0
4444,100,100,0,100
4445,0,100,100,0
4446,0,0,0,0
4447,100,0,0,0
4448,0,100,100,100
4449,0,0,100,0
4450,100,0,0,0
4451,0,100,0,100
4452,0,0,100,0
4453,0,0,0,0
4454,100,0,0,100
4455,0,100,100,0
4456,0,0,0,0
4457,100,0,0,100
4458,0,100,0,0
4459,0,0,100,0
4460,100,0,0,100
4461,0,0,0,0
4462,0,100,100,0
4463,0,0,0,0
4464,100,0,0,0
4465,0,100,0,0
4466,0,0,100,0
4467,100,0,0,100
4468,0,100,0,0
4469,0,100,100,0
4470,100,0,0,100
4471,0,0,0,0
4472,0,100,0,0
4473,0,0,100,100
4474,100,0,0,0
4475,0,100,0,0
4476,0,100,100,100
4477,100,0,0,0
4478,0,0,0,0
4479,0,100,0,100
4480,0,0,100,0
4481,100,0,0,0
4482,0,100,0,100
4483,0,0,100,0
4484,100,0,0,0
4485,0,0,0,0
4486,0,100,100,0
4487,100,0,100,0
4488,0,0,0,0
4489,0,100,0,100
4490,0,0,100,0
4491,100,0,0,0
4492,0,0,0,100
4493,0,100,100,0
4494,100,0,0,0
4495,0,0,0,100
4496,0,100,0,100
4497,100,0,100,0
4498,0,0,0,0
4499,0,0,0,100
4500,0,100,100,0
4501,100,0,0,0
4502,0,0,0,100
4503,0,100,0,0
4504,100,0,100,0
4505,0,0,0,100
4506,0,100,0,100
4507,100,100,100,0
4508,0,100,0,0
4509,0,0,0,100
4510,0,0,0,0
4511,100,0,100,0
4512,0,100,0,100
4513,0,0,0,0
4514,100,0,100,0
4515,0,100,0,0
4516,0,0,0,100
4517,200,0,0,0
4518,0,0,100,0
4519,0,100,0,100
4520,0,0,0,0
4521,0,0,100,0
4522,0,100,0,100
4523,100,0,0,100
4524,100,0,100,0
4525,0,100,100,0
4526,0,100,0,100
4527,100,0,0,0
4528,0,0,100,0
4529,0,100,0,100
4530,100,0,0,0
4531,100,0,100,0
4532,0,100,100,0
4533,0,0,0,100
4534,100,0,0,0
4535,0,0,100,0
4536,0,100,0,100
4537,100,0,0,0
4538,100,0,100,0
4539,0,100,0,0
4540,0,0,0,100
4541,100,0,0,0
4542,0,0,100,0
4543,0,100,0,100
4544,0,0,0,0
4545,100,0,100,0
4546,0,100,0,100
4547,0,0,0,100
4548,100,0,0,0
4549,0,100,100,0
4550,0,0,0,100
4551,0,0,0,0
4552,100,0,100,0
4553,0,100,0,100
4554,0,0,0,0
4555,100,0,0,0
4556,100,100,100,0
4557,0,0,0,100
4558,0,0,0,0
4559,100,0,100,0
4560,0,100,0,100
4561,0,0,0,0
4562,100,0,0,0
4563,0,100,100,0
4564,0,0,0,100
4565,0,0,0,0
4566,100,0,100,0
4567,0,100,0,100
4568,0,0,0,0
4569,100,0,0,0
4570,0,100,100,100
4571,0,0,0,100
4572,0,0,0,0
4573,100,100,100,0
4574,0,100,0,100
4575,0,0,0,0
4576,100,0,100,0
4577,0,100,100,100
4578,0,0,0,0
4579,100,0,0,0
4580,100,100,100,0
4581,0,0,0,100
4582,0,0,0,0
4583,100,0,100,0
4584,0,100,0,100
4585,0,0,0,0
4586,100,0,0,0
4587,0,100,100,0
4588,0,0,0,100
4589,100,0,0,0
4590,100,0,100,0
4591,0,100,0,100
4592,0,0,0,0
4593,100,0,0,0
4594,0,100,100,0
4595,0,0,100,100
4596,0,0,0,0
4597,100,100,0,0
4598,0,0,100,100
4599,0,0,0,0
4600,100,0,0,0
4601,0,100,100,100
4602,0,0,0,100
4603,100,0,0,0
4604,100,100,100,0
4605,0,0,100,100
4606,0,0,0,0
4607,100,0,0,0
4608,0,100,100,100
4609,0,0,0,0
4610,0,0,0,0
4611,100,100,100,0
4612,0,0,0,100
4613,0,0,0,0
4614,100,100,0,0
4615,0,100,100,100
4616,0,0,0,0
4617,100,0,0,0
4618,100,100,100,0
4619,0,0,0,100
4620,0,0,0,0
4621,100,100,0,0
4622,0,0,100,100
4623,0,0,0,0
4624,100,0,0,0
4625,0,100,100,0
4626,0,0,0,100
4627,100,0,0,0
4628,0,100,100,0
4629,0,0,0,100
4630,100,0,100,0
4631,0,0,0,0
4632,0,100,0,100
4633,0,0,0,0
4634,0,0,100,0
4635,0,100,0,0
4636,100,0,0,100
4637,0,0,100,0
4638,0,100,0,0
4639,100,100,0,100
4640,0,0,0,0
4641,0,0,100,0
4642,100,100,0,0
4643,0,0,0,100
4644,0,0,100,0
4645,0,100,0,0
4646,0,0,0,100
4647,100,0,100,0
4648,0,0,100,0
4649,0,100,0,0
4650,0,0,0,100
4651,100,0,100,0
4652,0,100,0,0
4653,0,0,0,100
4654,100,0,100,0
4655,0,0,0,0
4656,0,100,0,100
4657,100,0,0,100
4658,0,0,100,0
4659,0,100,0,0
4660,0,0,0,100
4661,100,0,100,0
4662,0,100,0,0
4663,0,100,0,100
4664,100,0,0,0
4665,0,0,100,0
4666,0,100,0,0
4667,100,0,0,100
4668,0,0,100,0
4669,0,100,0,0
4670,100,0,0,100
4671,0,0,0,0
4672,0,0,100,0
4673,0,100,0,0
4674,100,0,0,100
4675,0,0,100,0
4676,0,100,0,0
4677,100,0,0,100
4678,0,0,100,0
4679,0,0,100,0
4680,0,100,0,0
4681,100,0,0,100
4682,0,0,100,0
4683,0,100,0,0
4684,100,0,0,100
4685,0,0,100,0
4686,0,0,0,0
4687,100,100,0,100
4688,0,0,0,0
4689,0,0,100,0
4690,0,100,0,0
4691,100,0,0,100
4692,0,0,100,0
4693,0,100,0,0
4694,100,100,0,100
4695,0,0,0,0
4696,0,0,100,0
4697,100,100,0,0
4698,0,0,0,100
4699,0,0,100,0
4700,0,100,0,0
4701,100,0,0,100
4702,0,0,0,0
4703,0,0,100,0
4704,100,100,0,100
4705,100,0,0,100
4706,0,0,100,0
4707,0,100,0,0
4708,100,0,0,100
4709,0,0,0,0
4710,0,0,100,0
4711,0,100,0,100
4712,100,0,0,0
4713,0,0,100,0
4714,0,100,0,0
4715,100,0,0,100
4716,0,0,0,0
4717,0,100,100,0
4718,0,100,0,100
4719,100,0,0,0
4720,0,0,100,0
4721,0,100,0,0
4722,0,0,0,100
4723,100,0,100,0
4724,0,100,100,0
4725,0,0,0,100
4726,100,0,0,0
4727,0,0,100,0
4728,0,100,0,100
4729,100,0,0,100
4730,0,0,100,0
4731,0,100,0,0
4732,0,0,0,100
4733,100,0,0,0
4734,0,0,100,0
4735,0,100,0,100
4736,100,0,0,0
4737,0,0,100,0
4738,0,100,0,100
4739,100,0,0,0
4740,100,0,0,0
4741,0,0,100,0
4742,0,100,0,100
4743,100,0,0,0
4744,0,0,100,0
4745,0,100,0,100
4746,100,0,0,100
4747,0,0,0,0
4748,0,0,100,0
4749,100,100,0,0
4750,0,0,0,100
4751,0,0,100,0
4752,0,100,0,0
4753,100,0,0,100
4754,0,0,0,0
4755,0,100,100,0
4756,100,100,0,100
4757,0,0,0,100
4758,0,0,100,0
4759,100,100,0,0
4760,0,0,0,100
4761,0,0,0,0
4762,0,100,100,0
4763,100,0,0,100
4764,0,0,0,0
4765,0,0,100,0
4766,100,100,0,0
4767,0,0,0,100
4768,0,0,0,0
4769,100,100,100,0
4770,0,0,0,100
4771,0,0,0,0
4772,100,0,100,0
4773,0,100,0,100
4774,0,0,0,100
4775,0,0,100,0
4776,100,100,100,0
4777,0,0,0,100
4778,0,0,0,0
4779,100,0,100,0
4780,0,100,0,100
4781,0,0,0,0
4782,100,0,100,0
4783,0,100,100,0
4784,0,0,0,100
4785,100,0,0,0
4786,0,0,100,0
4787,0,100,0,100
4788,0,0,0,0
4789,100,0,100,0
4790,0,100,0,100
4791,0,0,0,0
4792,100,0,0,0
4793,0,100,100,0
4794,0,100,0,100
4795,100,0,0,0
4796,0,0,100,0
4797,0,100,0,100
4798,100,0,0,0
4799,0,0,0,0
4800,0,100,100,0
4801,0,0,0,100
4802,0,0,0,0
4803,100,0,100,0
4804,0,100,0,100
4805,0,0,0,0
4806,100,0,0,0
4807,0,100,100,100
4808,0,0,0,0
4809,100,0,0,0
4810,0,0,100,0
4811,0,100,0,100
4812,100,0,0,0
4813,100,0,0,0
4814,0,100,100,100
4815,0,0,0,0
4816,100,0,0,0
4817,0,0,100,0
4818,0,100,0,100
4819,0,0,0,0
4820,100,0,0,0
4821,0,100,0,100
4822,0,0,0,0
4823,0,0,0,0
4824,100,0,100,100
4825,0,0,0,0
4826,0,100,100,0
4827,100,0,0,0
4828,0,0,0,100
4829,0,100,0,0
4830,0,0,100,0
4831,100,0,0,100
4832,0,0,0,0
4833,0,100,100,0
4834,100,0,0,100
4835,0,0,0,100
4836,0,100,0,0
4837,100,0,100,0
4838,100,0,0,100
4839,0,100,0,0
4840,0,100,100,0
4841,100,0,0,100
4842,0,0,0,0
4843,0,100,0,0
4844,100,0,100,0
4845,0,0,0,100
4846,0,100,0,0
4847,0,100,100,0
4848,100,0,0,100
4849,0,0,0,0
4850,0,100,100,0
4851,0,0,100,100
4852,100,0,0,100
4853,0,100,0,0
4854,0,0,100,0
4855,100,0,0,100
4856,0,0,0,0
4857,0,100,100,0
4858,0,0,0,100
4859,100,0,0,0
4860,0,100,0,0
4861,0,0,100,0
4862,100,0,0,100
4863,0,0,0,0
4864,0,100,100,0
4865,0,0,0,100
4866,100,0,0,0
4867,0,100,0,0
4868,0,0,100,100
4869,0,0,0,100
4870,100,0,0,0
4871,0,100,100,0
4872,0,0,0,100
4873,100,0,0,0
4874,0,100,0,0
4875,0,0,100,100
4876,0,0,0,0
4877,100,100,0,0
4878,0,100,100,0
4879,0,0,0,100
4880,100,0,0,0
4881,0,100,0,0
4882,0,0,100,100
4883,0,0,0,0
4884,100,100,0,0
4885,0,100,0,100
4886,0,0,0,100
4887,100,0,100,0
4888,0,100,0,0
4889,0,0,0,100
4890,0,0,0,0
4891,100,100,100,0
4892,0,0,0,100
4893,0,0,100,0
4894,0,0,0,0
4895,100,100,0,0
4896,0,0,100,100
4897,0,0,0,0
4898,100,100,0,0
4899,100,0,0,100
4900,0,0,100,0
4901,0,0,0,0
4902,100,100,0,0
4903,0,0,100,100
4904,0,0,0,0
4905,100,100,0,0
4906,0,0,0,100
4907,0,0,100,0
4908,100,0,0,0
4909,0,100,0,100
4910,0,0,100,0
4911,0,0,0,0
4912,100,100,0,0
4913,0,0,0,100
4914,0,0,100,0
4915,100,100,0,0
4916,0,100,0,0
4917,0,0,100,100
4918,0,0,0,0
4919,100,100,0,0
4920,0,0,100,100
4921,0,0,100,0
4922,100,100,0,0
4923,0,0,0,100
4924,0,0,100,100
4925,0,0,0,0
4926,100,100,0,0
4927,0,0,100,100
4928,0,0,0,0
4929,100,100,0,0
4930,0,0,0,100
4931,0,0,100,0
4932,100,0,0,0
4933,100,100,0,0
4934,0,0,100,100
4935,0,0,0,0
4936,100,100,0,0
4937,0,0,0,100
4938,0,0,100,0
4939,0,100,0,0
4940,100,100,0,0
4941,0,0,100,100
4942,0,0,0,0
4943,100,100,0,0
4944,0,0,0,100
4945,0,0,100,0
4946,0,100,0,0
4947,100,0,0,100
4948,0,0,100,0
4949,0,0,0,0
4950,100,100,0,0
4951,0,0,0,100
4952,0,0,100,0
4953,100,100,0,0
4954,0,0,0,100
4955,0,0,100,0
4956,100,0,0,0
4957,100,100,0,0
4958,0,0,0,100
4959,0,0,100,0
4960,100,100,0,0
4961,0,0,0,100
4962,0,0,100,0
4963,100,0,0,0
4964,0,100,0,100
4965,0,0,0,100
4966,100,0,100,0
4967,0,100,0,0
4968,0,0,0,100
4969,100,0,100,0
4970,0,100,0,0
4971,0,100,0,100
4972,100,0,100,0
4973,0,0,100,0
4974,0,100,0,0
4975,100,0,0,100
4976,0,0,100,0
4977,0,100,0,0
4978,100,0,0,100
4979,100,0,100,0
4980,0,0,100,0
4981,0,100,0,0
4982,100,0,0,100
4983,0,0,100,0
4984,0,100,0,0
4985,100,0,0,100
4986,0,0,100,0
4987,0,0,0,0
4988,100,100,0,100
4989,0,0,0,0
4990,100,0,100,0
4991,0,100,0,0
4992,0,0,0,100
4993,100,0,100,0
4994,0,100,0,0
4995,0,100,0,100
4996,100,0,0,0
4997,0,0,100,0
4998,0,100,0,0
4999,0,0,0,100
5000,100,0,100,0
